H2e		AMIGAfun	Alianator	1991
A\O			Crystal Palace	
BGh
bE]		ARKTIS	Brain Challenge	1992
4Ue		Amiga Fun	Rush Hour	1990
=6;		Atlantis	Apache Flight	1992
6J1		Black Legend	Tower Of Souls	1995
MA:
1D;
:VS
.d[
07Z		Brøderbund	Where in Time is Carmen Sandiego?	1990
cW
dc
4Pf
=FZ
/5@
^X
.@W
/.X
2:7
9_i
1ij
.NK
3Ck			Where in the World is Carmen Sandiego?	1989
<D
5/1
.bG
.2j
4Q>
19
/5A
Y3
>e
Z<
.dA
UZ
/<B
0aS
2ZL
.]Y
/9M
/Ia
2AJ
IOW		Digital Integration	Tornado	1993
2>C
Ag
0_B
0SV
I;S		Dinamic	Grand Prix Master	1989
dNh		ECP	Belial	
Ag8		Electronic Arts	Aaargh!	1987
>\l		Elite	A Question of Sport	1988
j\6		Empire	Deathbringer	1991
ODA		Epyx	Destroyer	1987
MI]			Temple of Apshai Trilogy	1986
.V			World Games	1987
5P/
4EC
8BV
4;i
6Y
.UY
2JG
2/6
>K_
2W<		Flair	Dangerous Streets	1993
1NI
1?O
/18
SVW
\KX		Go!	Human Killing Machine	1988
4>7
1aY
FF5			Last Duel	
LlB
JC1			Tiger Road	1987
V5K		Grandslam Video	England Championship Special	1991
NR4		Gremlin Graphics	Plan 9 From Outer Space	1992
EC_
UPk		Hirmu	Hauki	1995
A4j		Impressions	Striker (Impressions)	1990
P9		Infogrames	Bivouac	1987
?C4
=-9
@=^		Interactivision	Labyrinth	1990
EQA		Konami	Batman Returns	1993
.=.
1c5			Castlevania	1990
?4
1[P
.49
2TO
.Q?
:Hg
<FR
.C_
03O
Eh
1/O
.K8
.?^
;0O		Kunert Soft	Danger-Castle	1989
YZ@		Magic Bytes	Beam	
gG8			Domination	1990
?IR			Nightdawn	1989
69V		Martech	Nigel Mansell's Grand Prix	1988
_W<		MediaGogo	Bomb'X	1993
d1R		Melbourne House	Roadwars	1987
=Pd		MicroProse	Knights of the Sky	1991
Iek
7@J
0`H
.6T		Microdeal	The Karate Kid Part II	1987
KA`		Mindscape International	Overkill	1993
c^_		Neutron Dance	Robocop
<I?		Nuclear Dezign	Mini Party Intro	1993
<R3		Ocean	España	1992
NN`
Ok0		Psygnosis	Brataccas	1985
HH		Sierra On-Line	King's Quest	1987
GD
31g
0Db
5dK
0cK
/73
/6l
5J.
1?k
0<3
NP
.HH
0Oa
14
1/4
/Kd
.M
4S;
.c]
/3/			Space Quest	
^c
0=
2>S
BB
.-X
0N
/5O
a^
.EA
Nk
/=5
=4
31L
Fk
D?
j`
OA
0Mf
Bi
BK
BZ
DZ
Wc
04R
/aT
D1
L`
2LO
2bS
/ak
0-`
.De
C;
VT
1<:
H
/g3
@j			Space Quest II	1988
:<
1?-
032
AM
E9
5R
Il
_I
ZG
.KL
.52
SN
/?F
[F
ZP
.-\
..D
8h
/A_
/jj
13B
eT
0K<
C]
1^Q
1K
2i0
Ea
/LX
HG
1>
@O
RP
fI
.LS
W]
/6U
.:Z
.\2
.\>
/4.
.OC			The Black Cauldron	1987
29^
3OI
0_X
<Y[
.A1
DE
.kJ
6X4
ND
BO
LN
.;^
.c8
5Nf
/T\
.2[
`>
.UM
DUd			Winnie the Pooh in the Hundred Acre Wood	1986
XC\		Strategic Simulations, Inc.	Questron II	1988
\;V			Roadwar Europa	1987
`Cb		Titus	Battlestorm	1991
^J4			Crazy Cars	1987
hc			Crazy Cars II	1989
9bB			Crazy Cars III	1992
GC			Crime Does Not Pay	1989
/b2
5kK
:d]
6??
29?
?L
.Ll
1C;
gO
15-
9VX
TL-			Dark Century	1990
.NQ
Q?5			Dick Tracy	
NEY			Fire & Forget	1988
N8X			Fire & Forget II	1990
LZ@
G0[			Galactic Conqueror	1988
9PF			Knight Force	1990
2hk			Les Aventures de Moktar	1991
B7D
.KS
2cB
2T4
/^U
Ta
2-L
4Bg
2lS
.W@
NDT			Off Shore Warrior	1988
V			Titus the Fox	1992
H\.
<j@
?.O
.?b
H7.		U.S. Gold	Crack Down	1990
l1<			Vaxine	
hb`		Virgin Games	Shuttle	1991
YTb		Weathermine Software	Bubble Gun	1994
R;>		Zeppelin Games	Arcade Trivia Quiz	1991
9V<			Arnie	1992
?8Z			Blinky's Scary School	1990
a18			Graeme Souness Soccer Manager	1992
GK1			Santa's Xmas Caper	
`N
4ZB
FJ1
XH3			Stack Up	1991
<@U	Adam Fothergill	Rasputin	Base Jumpers	1994
.k[
g?			Jetstrike	1993
MN2
8FL
QKe	Adam Gilmore	Impulze	Vector Championship Run	1989
T-9		Zeppelin	Neighbours	1991
DK?			Titanic Blinky	
.13		Zeppelin Games	Arcade Fruit Machine	
4fB			Edd the Duck!	1990
b_L
W7L			Match of the Day	1992
6LX	Adam Lucas	Codemasters	Captain Dynamo	
.-b
D2T
.-0k	Adam McCrory	Zeppelin Games	American Tag-Team Wrestling	
0Y`			Fist Fighter	1993
d78
2eM	Adam Pracy	Arcane Entertainment	Turbo Trax	1995
0UD
:K8
2GA
8ee
14g
>@N
.-8U		International Computer Entertainment	Gnome Alone	1991
7IZ	Adam Skorupa	Black Legend	Behind the Iron Gate	1995
<>a
=NP		Ego Software	Za Zelazna Brama	
?g6
F>a		L.K. Avalon	Wacus the Detective	1997
T]
1WW
F.9
1R2	Adrian Cummings	Core Design	Cyberpunks	1993
CJ;
1eS
0Xe
92=
0l_
/Jl
.:N
0=-
Wk			Doodlebug	1992
.g;
3i?
/K;
6[>
4cU
4Jd
2hE
/=R
6[U
0A7
0FV		Microtec Entertainment	Bug Bash	1990
7g1
4Y-
3-=
3Kk
6ag
.IW
6dk
0_f
.bG
5Y			Nucleus	
7BL
.O6
7=f
12Q
8Gk
00B
0F4
5l3
.e6
=<]		Mutation Software	Castle Kingdoms	1997
8N7
6@C
45j			Tin Toy Adventure	1996
=e0
48G
/\c
6]/
28j
T4
0i^
Ee
0MG
0]W
7.U			Tommy Gun	
.ZM
?1M
1?g
:FR
Z
0Be
.8a
RY
0/-
0/L
;.4	Adrian Waterhouse	Hewson	Netherworld	1989
0GZ	Al Lowe	Sierra On-Line	Donald Duck's Playground	1986
aL
0]l
.FE
06@
2FH
\4
1C
.<?
.CB
2Pi
^_
6.f
0[H
/I1
1.K
fh
_?
1]f
JW
1/I
0>K
.74
.WO
0kk			King's Quest II	1987
1Ck
Tb
.W\
1V/
/3T
8=
/le
0^4
F1
.JK
Ch
0T.
.4@
bQ
2_W
1-G
0:j
3
8Oh
/=
KS
/E5
22O
.8T			Leisure Suit Larry in the Land of the Lounge Lizards	
1ZV
/6f
/g
/.\
2OL
0kO
.5]
/L>
0A1
.CN
/HV
62-
.2V
08\
XZ
02>
.Z:
1i3
RV
1jO
.<8
:2B	Al Mackey	Ed Mackey and Al Mackey	Megaball	1993
14G
/CF
L10
7C<
JRk	Alain Da Silva	Ubi Soft	Zombi	1990
<UM
7=N	Alain Lambin	Microids	Nicky Boom	1992
9LK
1_9
/8E
2@Z
28A
=Ih
.A;
9\1			Nicky Boom II	1993
5_;
/9a
7GU
/[6
0h:	Aleksi Eeben	Renegade	Elfmania	1994
3E@
10C
0DG
/-
Pi
/W0
6J0
B`2
2Ae
/e^
4W?		Virtual Dreams	Full Moon	1993
<CC
3/4	Alexandre Ekian	Virgin Games	KGB	1992
Bh:
1k;	Allan Kirkeby	Infogrames	The Ultimate Pinball Quest	1993
.CP
3K/
:aL
?S4
aS
4UF
.4D
/`J
.J4
H_
1`S
SaM		Interactivision	Naughty Ones (AGA)	1994
@^A	Allan Pedersen	Magic Bytes	The North Sea Inferno	1990
<=B
5B6	Allister Brimble		Super Sonix	
/Na
Rc
:0
1/1
3B`
1ML
5AD
2`3
Ud
/Ni
.fN
/0H
0;O
[@
3X.
.Vk
NgR		17BIT	17BIT Intros and Music Disc	1989
D7c
4WZ
5jB			Hubbard Music #2	
1Ql
6..
2=Q
49M
<K0
4M/
1XI
3SI			Sonix Jukebox 14	1988
5jB
/R>
.?Q
Nh
/7`
.-i
7`b
.16
.6J
0>4
.L>
8aW
1`D			Sonix Jukebox 17	1989
=OT
0/3
?>A
8i-
.8H
kE
0;Y
:;
PaB			Sonix Sounds	
<[e
.h5			Superwriter Data Disk	1988
5A0
HUV
57T
3.1
`_
JM
j@
:jG			The Very Best of Rob Hubbard	1989
8X;
/5g
/J.
.B/
1lX
1?C
2jJ
@9
ZX
2EX
62K
DF>		Acclaim	Mortal Kombat II	1994
2L1
2B-
.VP
6N5
8WN
4S
7[
/i7
X>
0X:
9/7		Audiogenic	Bubble and Squeak	
3?d
.g@
4SL
5;a
7/:
fK
097
H7			Super Loopz	1995
/e2
5J
55S
IHV
=U
3c>
2\		Binary Asylum	Zeewolf	1994
27V
7:1
7d9
7_-			Zeewolf 2	1995
AA8
1E4
k@-		Codemasters	1st Division Manager	1992
iiI			Big Nose the Caveman	1993
X[]			CJ's Elephant Antics	1991
R;T			Fantasy World Dizzy
`Bb			Fast Food	1991
<k=			Italy 1990	1990
.]k
GMe
6QK
jV			Kamikaze	
>6^			Kwik Snax	1991
[2-			MIG-29 Soviet Fighter	1990
NNb			Mean Machine	1991
/67			Miami Chase	1990
1N@			Nitro Boost Challenge	1989
?L\			Pro Boxing Simulator	1991
0gI			Robin Hood	1992
.gh			Rock Star Ate My Hamster	1989
<W7
X6h
/LE			SAS Combat Simulator	1990
fcF			Seymour goes to Hollywood	1991
BK.			Sky High Stuntman	
:_k
/`Z			Slightly Magic	
H_A
;lY
gUS			Spellbound Dizzy	1992
?R<			Spellfire the Sorcerer	1990
<I<			Super Grand Prix	1991
D3:			Super Seymour Saves the Planet	1992
Q:f			The Sword and the Rose	1991
1Wc			Treasure Island Dizzy	1989
Jae			Wacky Darts	1990
1cg		Disney	The Lion King	1994
<h2
4JK
.d^
=PV
2?Q
0@l
k8
2T6
d4S		DoMark	Championship Manager '93	1993
H=N		Dragons	Dragons Megademo I	1990
EXJ		Europress Software	Dojo Dan	1992
]>
8V^
8\_
0b:
::S		Grandslam	Terry's Big Adventure	1989
C@f
8S<
6YB
:f2			Thunderbirds	
9D3		Image Creations	The Mandelbrot Show	1990
<9S		Interplay	Dungeon Master II	1994
^=
e;
4l<
.Lj
01@
5h]
.GL
7XD
2/@
456			Star Trek 25th Anniversary	1993
5fd
219
2EU
2kA
459
9D
42i
039
<K
0AD
0W
7l0
2E;			The Lost Vikings	
A\;
/EA
5H
.-3
BM?
3Cf
/He
D?
.HC
/?2
/3F		MicroProse	Colonization	
H8
29<
.?D
1a-
.^C
OB
1K3
>Q
.XR
cS
26
<8
5ZA
0Qj
2gG
.><
03^
C=
5l-
.0=
/I_
.Z6
C.i			Fields of Glory	1994
0:T			Impossible Mission 2025	1993
.@>
0.G
1`6
/MY
04f
1^_
/VH
YE
0Ie
1Pk
.dS
.MI
^X
.Y4
JG
<]
/L
/JN
\0
/Fh
19K
2kB
0E/
AI
JH[			Subwar 2050	
KW7		Ocean	Space Gun	1992
6gQ
.LD
1C2
6V0
.[K		Smart Egg Software	Time Soldier	1989
]La
2E-
/PU
.gF
.QM
M`;		Storm	Indy Heat	1992
9`=
8Hf			Troddlers	
5AK
S7		Team17	ATR	1993
1H]
7A0
0h2
<0:
0lM
FEF
AaX			Alien Breed	1991
gO
>eG
5O6
1WR
8Gg
.Ke			Alien Breed II	1993
S6E
/.;
O8=			Alien Breed Special Edition	1992
/IE
.-W8			Alien Breed: Tower Assault	1994
>eG			Apache	1993
0j\
OW.
2_B			Arcade Pool	1994
4Dd
SJ[
7df			Assassin	1992
/AK
.LN
>-_
=K2
fFf			Assassin Special Edition	1993
6U?			Body Blows	
iJi			Body Blows (AGA)	1994
75e			Body Blows Galactic	1993
5J@
.W>
1A7
9L.
2bX
P`
0LM
@F1			Full Contact	1991
gI
G6U
14=
7T-
hI
0\]			Overdrive	1993
2AK
V/
.3Q
0FY
:E;
860
2Ni
XO
.A;
Y7
0<P
R2
.>H
67U
aH			Project-X	1992
../
1l7
7;/
5OO
2FG
0G.
3>.
3>>
8PH
0Ak
Z<E			Project-X (Revised Edition)	1993
2S<
19			Superfrog	1992
.GP
4Ql
TC
6RE
^H
.35
/:G
.Eh
1GL
.e?
7\A
/=k
2PZ
.7D
2?D
4jb
WK:		The One	Waggle-O-Mania 2	1994
kEQ			Waggle-O-Mania!!!	1992
.]J		Time Warner Interactive	Primal Rage	1995
jb
/KP
0LP
b^
41\
2^j
3Zg
YR
1/Y
0:K
Id
\4
06F
.7_
fJ
/id
D;
.:B
hX
/T
2I
0Z_
2G
9>X
ML[		Virgin Games	Goal!	1993
8B@			The Incredible Crash Dummies	1994
BU=
bN
3<^
6:H
/]f
.Oc
XD
.h1		Virgin Interactive	Mortal Kombat	1993
?b6
6WB
/cM
/cG
2je
5JI
1C4
6d			T2: The Arcade Game	
c6
2C<
7Gd
?[N
@=
.P1
0Aj
/f@
/gS
3eR
e\
05H
1d\
/EX
dP_	Anders Hansen	Kefrens	D.A.N.E.	
?I=			Desert Dream	
H8M
3
9VU
?><	Andi McGinty	Grandslam	Nick Faldos Championship Golf	1992
OWZ
0le			Nick Faldos Championship Golf (CD³²)	1994
bEJ
84>		Grandslam Video	Beavers	
0`=
/cH
CBQ
5cL
6Q?
.d?
1@6		Ocean	WWF European Rampage Tour	1992
1b8
3l;
8Kb
17X
W.
5O>
:5M
4X0
Ik
.Cf
/gC		Virgin	The Simpsons	1993
AjY
0NA
1?R
3>@
BM6
/P[
M>
.ZF		Virgin Games	McDonaldland	1992
1OQ
ZO
/k
94W
8lM
3<k
0l.
7/=
1g2
12H
Hk;	Andre Bescond	Lankhor	G.Nius	1988
AdP
K^F			Outzone	1991
5lW	Andre Greve	Rebels	Switchback	1994
2Ph
^;K
ggP	Andre Wuethrich	Kingsoft	Locomotion (Kingsoft)	1992
Fgb		LinEL	Traders	1991
/lj	Andreas Esser	Magic Software	Tip Trick	1990
C`T
.C;
O?O
[7F	Andreas Hommel	Innerprise	Cyberblast	
89X	Andreas Junge	Kingsoft	Missiles Over Xerion	1994
1E8
0aE
/Rf
NH4
aOA	Andreas Neumann	Pielago Software	1990	1990
AT;	Andreas Oberdorfer	Neo	Cedric	1995
2RX
477
9T0
3:H
IAE	Andreas Starr	reLINE	Legend of Faerghail	1990
@i]
5[5	Andrew Barnabas	The Sales Curve	Double Dragon III	1991
:;k
9Z6
3kX
l]			SWIV	
.ZR
3OA
T;@		Virgin Games	Global Gladiators	1993
@WP		Virgin Interactive	Aladdin	1994
EYQ
4c			Cool Spot	1993
XeQ
4PB
0/>	Andrew Drake	Codemasters	The Quest of Agravain	1992
2IZ
S5-
;DS		Zeppelin Games	Sink or Swim	1993
CKV
3<=	Andrew Parton	MicroProse	B17 Flying Fortress	
8V1
?RE
.3>
2F5
Di
22@
2<G
5JK
.c=
_d
;B
2HA			Civilization	1992
0Ua
LW
.aK
2:C
09B
bZ
AF
/b9
/PK
.d3
2U
.=h
ZV
/>D
:O
/i^
<h
1@k
0E>
.PJ
1;>
.^.
1^1
5Gc
CSU	Andrew Rodger	Zeppelin Games	Arnie 2	1993
36j	Andy Soar	Grandslam	Bump 'n' Burn	1994
9J\
7\h
D7W
]_
078
4Cf		Ruffian Software	Ruffian	1996
:I4
2>9	Andy Whyte	Psygnosis	Christmas Lemmings 1993	1993
B2-
9@T
1[E	Anita Scott	Sierra On-Line	Gold Rush!	1989
3[
.1j
.W;
08e
9a
@e
BF
.=@
15>
.NZ
.d1
/0>
G/
.^H
/05
145
.;3
AS
.MG
.BO
.Q0
1>c
7O
.0l
.dN
/3E
.l-
SB
.>R
.5g
k
/3\
0g]
g
4A
.Ef
1.D
57
2C
@D[	Anthony Crowther	Mindscape	Captain Planet and the Planeteers	1991
0]2
0-b
/<g
Zk
9a
8C/
OPZ	Anthony Hicks	Empire	Campaign II	1994
Y5
2V6	Anthony Milas	Acid Software	Guardian	1995
.1N
O`k
IC1			Skidmarks	1993
7gJ
>@\	Anthony Putson	Electronic Arts	FIFA International Soccer	1994
1R8
3KG
5GY
3AK
k[\		F1 Licenceware	Aquanaut	1995
/>2	Artur Kaminski	L.K. Avalon	Rajd Przez Polske	1996
@8E
V_
9;K
8hF
R_
<7
.eY
3j8
.6/
/RZ	Ashley Hogg	Codemasters	CJ in the USA	1992
K@\
5/1			Spike In Transilvania	1991
H<G		Thalamus	Nobby The Aardvark	1992
fY;	Atheist	Balance	Embryo	1995
iV?	Augenblick	F1 Licenceware	Pucman	1996
3JB	Axel Degwitz	Blue Turtle	Vindex	1989
3TT	Axel Melzener	APC & TCP	Jaktar	1995
/.6
.<Z
/-4
.2l
1a7
23B
5L4
/S
;8?
3g
/4[
.fX
32_
/gH
2b[
9:V	Barry Leitch		Gadget Twins	1991
/20
<EC
]4
4Gj
`U
CUX
TAR		Accolade	Stratego	
1Dk
Wi-		Artronics	DNA Warrior	1989
TGh		CU Amiga	T.F.X	1997
=7C
02\
.U4
/HX
AWN		Cosmi Corp.	The President is Missing	1988
.TG		Electronic Arts	Zone Warrior	1991
1]a
:7Y
8PN
/@@
.DF
^B
4O
1h=
.iM
A4
1O/
0\G
/\:
.4C
\M
/kb
1_T
3=
.B6
927		Electronic Zoo	Treasure Trap	1990
]fS
0R8		Enigma Variations	Gilbert	1989
IRJ
2dl
16\
5\f
7Y@
G2
.7G
.]j
92		Gametek	American Gladiators	1991
E^;			The Humans (CD³²)	1994
N@-		Gremlin	Combo Racer	1990
5<9		Gremlin Graphics	Harlequin	1992
<15
.N6
.]P
bZ
.8O
>g
VY
0W>
8kX
1O/
23V			Hero Quest	1991
68-
5N/			Impossamole	1990
1\J
8bi
67U
/<Q
2Kb			Lotus Turbo Challenge 2	1991
8[X
.Pb
397
be
3\P
h3
0_9
6?K
.jV
/\F
RG
4@N
2SD			Pegasus	
@XN
7\L			Space Crusade	1992
0Hh
6Pl
IE4
/^_
1Aj
R40			Super Cars II	1991
U8.			Suspicious Cargo	
4A-
7Z2			Switchblade II	
^aT
0AJ
Lkg			Utopia	
2hE
1LC
1:H
AH		Konami	Back to the Future Part III	
BX>
;]?
A<J
kAg		MicroProse	Airborne Ranger	1989
3Gk			MicroProse Soccer	
/j3
6G=
.9^
/RY
>_^
0R8
/gc
.AQ
1=<
?0
0le
/.B
/-g
S5
.UX
fU
DL:		Mindscape International	Ultima V	1988
?YA		Mirage	The Humans	1992
9//
4]A
/2D
168
4AS
5\B
0jF		Ocean	European Champions	1993
1Jb			Lethal Weapon	1992
4]
0Xf
.GX
/]6
7N1
;C7
DZ
27@
7IN
5Wd			Universal Monsters	
I\
:4
I71
9BR
1bA
0S1		Virgin Games	Gemini Wing	1989
:Ai
.9U
26W
1C[
0M-
1\<
eE
6EU
2EU
/H7
.M;
/8l
.D4
1YO
88O		Virgin Mastertronic	Silk Worm	1988
2\:		Wired	Prophecy I	1990
.X`
.][
;l
1A6
1PH
=[
S\
\D
.7l
40j
3Q<
Ve
/U?
061
:W
4aZ
4E0
.NE
bP
KW
>S
M3
3j]		Zeppelin Games	Frankenstein	1992
=[E
4JT
DhC
.4e
.Mk
1V7
.D/	Barry Murry	Sierra On-Line	Man Hunter	1989
>V
LQ
?g
6Z
^8
Nk
.CA
/5\
_2
.:l
>?
GT
/;c
X.
.hW
.4`
a;
/<J
.Bj
1Q
/4F
XN
VO
.85
6Q
Ll
.XP
./h
.>Y
f^
0RJ
hW
.OL
XX
2L
/61
>]
4Z
1T
^>
.i
VB
Gb
/\-
.^f
3?
HV
.1
ID
/]C
jN
`P
.lc
hg
HA
7>
.<
<>
IJ
ak
/9^
BL
.8c
/af
.6D
.F4				1990
7g
A;
a>
B9
;^
=6
HU
VO
?F
D>
1?
1F
:<
GY
6`
1i
`X
I/
D[
4=
4D
SZ
/\\
<
>e
0=
;6
.8:
5-
.2h
Ii
<`
6Z
<D
41
d;
53
LA
.4B
AW
P-
.21
.CY
2R
\B
R5
Te
\7
4?
38
1.
I]
.T.
Ba
JC
40
K<
Dc
2E
.:[
.k
gS
.4U
^j
AL
DE
;;
.U
8k
X5
.I4
JP
<c
_d
;;
/2
Oi
Dh
.<l
?Q
.02
;W
@l
@6
0>
;W
_Z
:D
lb
`D
43
B4
;0
N\
DT
A/
?D
U1
A?
5a
5O
.a
.E3
.U-
3.
=e
a-
<L
R-
2_
GN
De
;j
>f
j`
Jh
=6
.-c
E1
4i
/g
21
ff
P8
7R
M_
HN
@O
CC
8W
/@:
2g
O4
Cf
;j
7]
c5k	Beanius	Domination	Dentro II	1995
^F?	Ben Chanter	Ocean	Alien Breed 3D 2	1996
/`1
EN1	Ben Daglish	Actionware	Prison	1989
/Lh		Activision	Dynamite Düx	
X-1			Hot Rod	1990
I4k		Core Design	Corporation	
aFO		Firebird	Action Fighter	1989
cj
_R			Rick Dangerous	
.a/
1K4
kMM		Go!	Wizard Warz	1987
7/a		Grandslam	Chubby Gristle	1988
h?C			Pac-Mania	
.GT			Terramex	1987
II5			The Flintstones	1988
4Zk		Grandslam Entertainment	Saint & Greavsie	1989
l0d		Gremlin Graphics	3D Galax	
jR^			Artura	1988
LJ[			Axel's Magic Hammer	1990
<PG
<M9			Butcher Hill	1989
ae
HfE
3Ee
HOR			Dark Fusion	
^CI			Deflektor	1988
0\[			Federation of Free Traders	1990
Bh
=3
/86
/>G
21l
=>.
81V
.Ld
=KK
/^j
//3
la
:_			Footballer of the Year 2	1989
Z>X
G9L			Gary Lineker's Hot-Shot!	1990
5.[			Greg Norman's Ultimate Golf	
SZk			H.A.T.E	1989
8]K			John Lowe's Ultimate Darts	1988
?l`			Mickey Mouse	
;Q^
dWj			Skidz	1990
bl
0dK			Super Cars	
YT			Super Scramble Simulator	1989
dK`
bfR			Switchblade	
E=k		Image Works	Blasteroids	1987
0C0
@jk			Passing Shot	1988
iH^		Microstyle	Rick Dangerous 2	1990
J7D		U.S. Gold	Heroes of the Lance	1988
/9K		Virgin Games	Motörhead	1992
gC
C`Z
8UL
YAL		Virgin Mastertronic	Continental Circus	1989
1ch			Monty Python's Flying Circus	1990
L^Y	Bent Nielsen	21st Century Entertainment	Deliverance	1992
@G6			Nebulus 2	1991
6I?
2I[
/26
/:\
eG
4Pb
.PS
.]V
2S2
/V7
:0a	Bernhard Koehler	Tale	Astatin	1992
G]C
c0^	Betrayer	Trash	Dr Mario	
b7H	Bill Williams	Cinemaware	Sinbad and the Throne of the Falcon	1987
7\U		Commodore	Mindwalker	1986
GZZ
=W@		Mandarin	Pioneer Plague	1988
7bX		Mindscape	The King Of Chicago	1987
PL5
J]3		U.S. Gold	Knights of the Crystallion	1990
9SV	Bjorn Lynne		Airline	1993
0@=
/ER
Pe0
/7P			Kasei Vallis	
6GV
CIZ
/Dg
8W7
0A-
97e
Cd
=WI			Shanghai	
8B6
62^
3_[
>9b
/[>
.Tk		Centaur Software	Fantastic Voyage	1991
<Q2
/.7
EW:
/X0
/\P
7LR		Digital Magic Software	Drivin' Force	1990
.Q?
4`;
3c@
/JO
7R
Jh[			Escape from Colditz	
@:
7Q_
G]b		Image Works	Brat	1991
.bQ
P;.		Ocean	Worms	1997
l6b		Public Domain	Super Obliteration	1993
Ab\		Software 2000	Cubulus	1991
4Dl
.WI
3]4
2iF
3i0
;/H
7i0		Team17	Alien Breed 3D	1995
7iJ
7?1
IHO
6]f			Final Over	
<0>
./N			Project-X	1992
<RN
:b			Qwak	1993
0cV
39B
Xd
16P
/:S
4PJ
4;6
>.S
5<<
1.1	Blair Zuppicich	Acid	Roadkill	1994
3@J
N-;
;Ia
8P^		Acid Software	Zombie Apocalypse II	
.Mc		Art Software	Sirius7	1990
BgU
7b:
IX]
Nk		Kompart	Woodys World	1993
1>D
54`
.>U
I9
0ZE
/4\
3Ig
.hl
0JT
<\
0Y\
RO
3Od
.A<
2^@
4L
.QJ
4U		Mindscape	Seek & Destroy	
7k;
6Aa
21g
.Z[
4Dd
.1:
7RJ
;bI		Vision Software	Cybernetix	1992
P;	Bob Lindstrom	Cinemaware	Rocket Ranger	1988
4Z-
5Jd
/ka
33]
6<2
^<
B6
d1
>:
5NF
.>\
4T
/V\
1aj
4_R
=kS		Mirrorsoft	TV Sports: Football	
OH
/lk
H87
3@\
2PK
]P8	Brad Dahl	Mastertronic	Ninja Mission	1987
:=5	Braindead	Brainless Coders	Liquid Bilberries	1995
Cb`	Brian Howarth	Mirrorsoft	TV Sports: Boxing	1991
3/`	Brian Johnston	Psygnosis	Hired Guns	1993
?D
.]g
/__
3XS
Z6
77^
<_W
7h
0VL
1NP
2`k			Lemmings 2	
eR
.IO
25a
/F\
/DT
b1
2Cf
>H
<h[
1Pd
2kB
1PT
0ZM
cb			Oh No! More Lemmings	1991
=e9
/@.
HGM
05<
1HN
5CB	Brian Marshall		Second Samurai	1993
IFR
74W
.`U
/\<
10`
2Xi
5l8		Ubi Soft	Street Racer	1997
.KH
.Sk
=0K
B/
ACY
0VA
NR
2j7
.gV
9[
[ZD	Bruno Blanchet	Silmarils	Le Fetiche Maya	1989
.LJ	Carsten Reinke	Magic Soft	Slabs	1990
0VZ
._H	Charles Callet	Infogrames	Bob Morane	1988
CM3
F6C
26=
4@U
j5
[-H		Millennium	Horror Zombies from the Crypt	1991
kfQ		Sierra	Sierra Soccer	1994
VU
EDK	Charles Deenen	21st Century Entertainment	Rubicon	1992
Kh/
._6		Amiga Fun	Mysterious Worlds	1990
1\f
.0\
ACQ
0I5
5hD
i]
1GH
jI_		Electronic Arts	J.R.R. Tolkien's The Lord of the Rings	1991
/ZP
/HT		Hewson	Insects in Space	1990
>c1
T8>
66X		Interplay	Battle Chess II	1991
/[7
6iR			Dragon Wars	1990
5eH
21V
@>V
.Yf		Interplay Productions	Castles II (CD³²)	1993
13;
.lg
3M^
l[
1UM
7A
.h/
1QG
2Vk
.>X
/-k
34i
;kd
.J<
gI3		Razor 1911	Habitual Novelty	1990
aNh		System 3	Flimbo's Quest	
GaO			Tusker	
@Y1
2Y?		Ubi Soft	Unreal	
9GL
1=g
5VM
/NF
2G/
F_k
GF	Chris Barker	Virgin Mastertronic	Spirit of Excalibur	
06d
a4
.MI
0iC
0gO
TT
0DW
1U
2d3
.W:
02D
.9f
/A6
0UE
Ie
7W
?
03
61j
.hN
.44
/Zk
0VU
.3N
QK
=DZ	Chris Crowther	Mindscape	Captive	
9g6	Chris Denman	Energize	1000cc Turbo	
ZLf
>.E			Cyber Cop	1991
C[9
A.4
MQQ		Impressions	Air Bucks	1992
e;a			Air Bucks v1.2	1993
Sad		Ocean	Cool World	1992
=LQ		Renegade	International Sensible Soccer	1994
5Y/
/N>	Chris Glaister	Ocean	Lost Patrol	1991
CIc
8;M
GlQ	Chris Grigg	Epyx	4x4 Off-Road Racing	1988
2RR			California Games	
AQ;
.][
dJ
U:
1/I
1OX
Ae
.1Q
8jA
Z?
64c
.Ff
@bZ			Impossible Mission II	
3FN		Lucasfilm Games	Maniac Mansion	
G-`
aM8	Chris Huelsbeck	Electric Dreams	R-Type	1989
/EF		Global Software	Gem'X	1991
7F`
8@R		Golden Goblins	Circus Attractions	1989
4?A
Ihh			Grand Monster Slam	
><U
/7X		Ikarion	Caribbean Disaster	1996
01M
54.
8C
<C@
eR
1ME
04^
/L>
8L
4/U
05[
S/
5jH
0l9			Mad News	1995
<0M
65f
.?0
7Lb
/fW
.0i		Kaiko	Apidya	1992
6aj
0;T
4.k
8Yj
92E
42J
4[i
N[b		Kingsoft	Bug Bomber	1991
3lc		Loriciel	Jim Power in "Mutant Planet"	1992
Gd
1Si
2VC
QLU
.hQ
0[1
`;b		Lucasfilm Games	The Secret of Monkey Island	1990
UO?		New Bits On The RAM	Metal Law	1992
O-P			The Adventures of Quik & Silva	1991
54/
<ck		Psygnosis	The Carl Lewis Challenge	1992
\IV
7E<		Rainbow Arts	Apprentice	1990
4Jj
9k5
?I:
2ZP
5AK
7Q\			Danger Freak	1988
4hS			M.U.D.S.	1990
@/
A-]
9@
@5U
8ii			Masterblazer	
.H.
1UU
0>1
C6L
1I3
1;1
14J			Rock 'n Roll	1989
6J;
<61
:7[
?H
1dF
/Lb
1bV
2kh
WL
NZ?			Turrican	1990
1NB
OC
/V>
8M[
0M`
4C
E/
..<			Turrican II	1991
.AB
8h-
/=8
6>K
;RP
1\T
9a2
44h
6\9			X-Out	1990
/OX
8IE
/\0
1IY
.7j
.G8
/^V
.Y1
G.
/8L
/MO
995
j-9			Z-Out	
/DL		Renegade	Turrican 3	1993
/Ag
//Z
L/D
/k5
@
3>;
2Tj		Ubi Soft	Battle Isle	1991
<CF		reLINE	Hard 'n' Heavy	1989
[[=
6E/			Hollywood Poker Pro	
NUI
.HM	Chris Korte	Software 2000	Death or Glory	1994
/H5
//7
/j;
.k4
DgK
/@3
8PL
5YW
3A-	Chris Link	Starbyte	Soul Crystal	1992
1X?
.M[
f/
675
.]
41
6j
./@
0`0
h?
2O?
22
6eP
.8@
2YS
4_5
/Ql
2il	Chris Scudds	DoMark	Hydra	1991
E4.		Image Works	Cisco Heat	
<1?		Ocean	Chase H.Q. II	1990
ClM	Chris Stone	ReadySoft	Dragon's Lair Demo	1987
NXi			Space Ace Demo	1989
8k3
HFM	Christer Enfors	Online PD	Bratwurst	1995
g.S	Christian Alexandre	Skarla	Atome	1996
0_E	Christian Bjoerklund	21st Century Entertainment	Slam Tilt	
2-<
0IU
XB
5DB
.I7
./L
23Y
5<9
5@>
Ik
2j\
H]
/9O	Christian Blaha	Public Domain	Aztec Challenge	1993
FG
CPc
1O:
/Tc
0I0
0DP
4IL
150
035
/O\			Bagitman	1992
1AR
`/^
O>;			Donkey Kong	
.7a
4@B
@N]
05			Frantic Freddie	1990
.YH
>U
/Ac
/l?
H4C
.=/
/=d
4?5
5-9
3BT
SR
]MQ			Pharaohs Curse	
/J8			The Real Popeye	1993
33P
CP
4GX
0D_
4SF
2J
.L7
29L
39\
1Pk
.UQ
7TR
0`a
7]A	Christian Fruergaard	Magic Bytes	Eskimo Games	1989
.^^
03
/8I
Cj2
A62
0X
.IG	Christian Haupt	Sphinx Software	Intact	
NQH
VKR	Christian Webber	Starbyte	Clown-O-Mania	
Ke]			Crime Time	1990
A\H	Christof Muehlan	The Electronic Knights	Rampage	1994
;j2
1=i	Christophe Fevre	Titus	Prehistorik	1991
2<3
9@L
2jE
8ad
;Ua
1eK
2``
76^			The Blues Brothers	
0/U
/?-
5U4
27K	Christopher Felice	Dark Unicorn	It's the Pits	1995
Mh6
4NG
/C]
5-_
0<9
1L9
/fb	Claude Abromont	Activision	Bush Buck	1991
5K
/1f
0k`
=V
C/
0OR
0<R
O3
1\O
X]
.Fb
2D3
3>-
2_[
5T-
2P.
?\
/G5
/6H
Le
Rl
.T;
b4E		Microids	Eagle's Rider	
9A0			Killerball	
S[d			Sliders	1990
Dd8	Clay Hellman	Psycon Software	Cybershere PLUS	1995
\-	Clemens Helbock	Neo	The Clue!	1994
.jg
1lT
jk
.LG
4/<
/1P
/_W
/KG
1
1/8
/W<
5e
1cO
/^]
/CO
31L
2Be
/0G
8j
/1]
/MM
e			Whale's Voyage II	1995
9Sc
[W
0g:
Zd
>YR
/0E
.=H
/A7
6-.
3/8
/R^
.?1
AG
P<K	Craig White	Virgin	Apocalypse	1993
7kk	Creative Thought	Codemasters	Pub Trivia Simulator	1989
2L/	Cyril Trevoan	Microids	Super Ski II	1992
.AG
<dX
=T7
@W6
>>B	DJ Braincrack	AMIGAfun	Crazy Sue II	
@\J
9MN
/-Y
0UM
62A
4X<		Hironymus Jumpshoe	Crazy Sue	1991
<Nl
.Qf
1JW
0k/
2US
0VR
:@K
M9L	Daevid Peel	Rage Software	Striker (Rage)	1992
.?/
Rc4	Dan Bjon	CyberArts	Watch Tower	1995
0bR
2ZI
J\
.==
BKh	Dan Gorlin	Brøderbund	Typhoon Thompson in Search for the Sea Child	1989
0h>	Dan Latarski	Dynamix	Stellar 7	1991
3ij
5_H
/WN
aR
0Zk
2=I
9`>
4CD
4/V
2Dj
1b5	Daniel Mauro	Millennium	Vital Light	1995
1D8
/W]
5[`
1M_
:DY
0O5
2[K
:<P
EM	Daniel Pudenz	Defcom	Arena	1992
<Hk
4Y0	Daniel Schlichtholz	Magic Bytes	The Second World	1990
:EL
/HQ
9E>
04E
3Ak	Daniele Bonvicini	Idea	Crazy Seasons	1992
>`i
.6Z
NOX
=Kl	Danny Burke	Team17	Body Blows	1993
hF
5@
/_2
0-
6cd
;W3
8UX
/D-
1V7
i2g			Body Blows (AGA)	1994
:Fb	Darius Zendeh	Electric Dreams	R-Type	1989
43]
/0>
0\a
6]>
/eA
.`i
1U^
5lA
1eZ
5DY		Kingsoft	Crash & Burn	
4?T		Rainbow Arts	Denaris	1988
5Y>
TQP
4L4
QRZ		Red Sector Inc.	Red Sector Megademo	1989
7IV	Darren Ithell	Codemasters	Dizzy Panic	1992
3Z@
.JV
9VM
MjX
IX^			Steg the Slug	
5`3
0i4
Ql
49a
316
.hA		Image Works	Flip-it & Magnose	1990
=5-
/bT
4C=
3l<
A5`
5]S
;;	Darren Wood	Psygnosis	X-IT	1994
05B
>IE
Vl
Cib
2[7
2SP
.>g
.;.
:l-	Darryl Sloan	Applaud Software Ltd	Blockhead II	1998
V19
TVN	Dave Gibbons	International Computer Entertainment	Fire Force	1992
5gD	Dave Hasler	Accolade	Elvira	1990
6cc
0@G
71;
.b<
=c_
0\b
bSc	Dave Kelly	DoMark	Dragon Spirit	1989
6Fe
G]h			Star Wars	1988
`.;	Dave Llewellyn	Pink Pig software	Blob Kombat	1995
XY3	Dave Lowe	ACE	Soldier of Light	1988
1JV		Activision	After Burner (88)	
QlR
BK9			Altered Beast	1989
.TS
4I4			Galaxy Force II	
BP]			Ghostbusters II	
6U@
ESC
Ui			Power Drift	
lP6			Time Scanner	
8K1		Alternative Software	Count Duckula 2	1992
5b2		Electric Dreams	ISS	1988
3\>		HiTec Software	Black Hornet	1991
6M3		Konami	Frontier	1993
/LA
.b-
IEM		Lucasfilm Games	Night Shift	1989
`jk		MicroProse	F-15 Strike Eagle II	1991
gK			MicroProse Formula One Grand Prix	
]DL
LD
RML			Midwinter II	
S2i			Railroad Tycoon	1990
1D2
9cY		Rainbird	Betrayal	
^P>
2aJ			Carrier Command	1988
?NW			Starglider	1987
VPf
iQf		Rainbow Arts	Conqueror	1990
4i;		Sierra	King's Quest VI	1994
9lB
.[Q
98/
1Vi
7OH
0iC
1Z5
06
1e9		System 3	Bangkok Knights	1988
\dg
8?H
JLh			IK+	
1:J
20U
2/6		Thalamus	Summer Camp	1991
_k=		The Edge	Darius+	1989
1VS
^g1			Garfield	
3Sj			Raffles	
^MJ		U.S. Gold	California Games II	1992
HBi			ESWAT	1990
5Ed			Line of Fire	
..1c			Street Fighter II	1992
dXB			Summer Games	
/SK			Super Street Fighter II	1995
.CR
0\F
0fj
B@
?/
Nj
/9X
/.X
:9k
/3B
/Q`
0@Q
3TV
.W@
0Cl
Y_
.\Q			The Games	1988
.`2
38^
8@
:QS
2JT
.JG
5]c
5G@
8^R
1jB
YKc			Turbo Out Run	1989
=ZH		Virgin Interactive	Beneath a Steel Sky	1994
S05
.Sf			Beneath a Steel Sky (CD³²)	
1B@
/OT
2-2
4Pf
.G[
06W
;H
2Oa
0Xk
1a@
1_5
0I5
17>
6Rb
;kY	Dave Warhol	Electronic Arts	Earl Weaver Baseball	1987
ESS			F/A-18 Interceptor	1988
HZQ			Return To Atlantis	
17j			Sky Fox II	
`8E			Stuart Smith's Adventure Construction Set	1986
BU>			Swords of Twilight	1989
;b]			The Bard's Tale	1986
8Sg			The Bard's Tale II	1988
9]G		Interplay	Neuromancer	1989
fgb		Lucasfilm Games	Indiana Jones and the Last Crusade	
a1D			Loom	1990
9.f	David Cusick	Graham Dean	MooseDrive	1993
4IH
1jP
5ld
K4I
.f\	David Fernandes	Ubi Soft	Starush	1991
6/E
::F
A8_
<6O	David Hanlon	Palace Software	Dragons Breath	1990
3\T
/L5
AJ
0bA
.GS
O=
0JN
8lR
5@R
01^
0d5
:Yb	David Hanney	Head-On Developments	Tearaway Thomas	1992
04K
/B4
4@l
0W0
5/^
/4^
>Zl
Ki:	David Joiner	MicroIllusions	Discovery	1986
Mj^			The Faery Tale Adventure	
72a
<-J
FB	David Schroeder	Melbourne House	War in Middle Earth	1988
0[7
/GT
2?j
/<^
hg
13f
.C.
/Fh
BY
]S
3MV
/`_
3LQ
.@X
/6a
/HM
1kb
.U\
3b-
19G
.IS
UXI	David Whittaker	ACE	Alien Syndrome	1987
GR[		Activision	Super Wonder Boy in Monster Land	1989
?kV			The Real Ghostbusters	1988
M\j		Arcadia Systems	Sidewinder	
S;K		Audiogenic	Emlyn Hughes Arcade Quiz	1990
]LI			Emlyn Hughes International Soccer	1989
Da9			Graham Gooch World Class Cricket	1993
Gii			Super League Manager	1995
@I9
..7_			World Class Rugby	1991
LTQ			Wreckers	
CT7
XKS		Britannica Software	Eye of Horus	1989
b<?		CDS	Sporting Triangles	
D>B		Codemasters	BMX Simulator	1988
c/_		Creative	Stormtrooper	
VHc		DoMark	APB (All Points Bulletin)	1989
h8-			Licence to Kill	
8@.			Spitting Image	1988
24:			Star Wars	
hdZ		Electric Dreams	Millennium 2.2	1989
bPC		Elite	Beyond the Ice Palace	1988
lWW			Dogs of War	1989
CcK			Thundercats	1988
lGO			Wanderer 3D	
Wb\		Empire	Gazza II	1990
:@W		English Software	Leviathan	1987
Gi1		Epyx	Chip's Challenge	1990
U6F			Snow Strike	
8;i		Firebird	Bubble Bobble	1988
H60			Pandora	
<l:			Return to Genesis	
3JI			The Sentinel	1987
OY_		Grandslam	The Hunt for Red October	
<PY		Hewson	Custodian	1988
ei:		Image Works	Back to the Future Part II	1990
^68			Speedball	1988
.=]			Xenon 2	1989
_7
BJQ		Imagine	Army Moves	1987
S^b		Impressions	Renaissance 1	1990
G]e		Konami	The Killing Cloud	1991
;=d
AH\
OEC		Logotron	Quadralien	1988
\W9		Logotron Entertainment	Archipelagos	1989
c6Y			Bad Company	1990
?>C		Maelstrom	Grimblood	1989
=eN		Mastertronic	Kikstart II	1987
2I\		Melbourne House	Xenon	1988
a4T		Micro Style	International Soccer Challenge	1989
I2L		MicroProse	Fire and Brimstone	1990
2\h
4^R			Gunship 2000	1993
DjC		Microdeal	Fright Night	1988
.-SS			Leatherneck	
_K_		Millennium	Cloud Kingdoms	1990
kHZ			Kid Gloves	
jX/		Mindscape	Alfred Chicken	1993
;QZ			Loopz	1990
YH7		Mindscape International	Days of Thunder	
:`c		Mirrorsoft	Tetris	1987
SJ:		Ocean	Platoon	1988
5l			Total Recall	1990
7Lg
/ej
TY
BRK
1kL
J<P		Palace Software	Cosmic Pirate	1989
HBe		Prism Leisure	Star-Blaze	
gB8		Psygnosis	Aquaventura	1992
W1]			Chrono Quest	1988
0^7			Menace	
1bH			Obliterator	
5V-
2YA			Shadow of the Beast	1989
QQi
2_-
2?g
1WS
2Y`
9NA		Rainbird	Carrier Command	1988
Jde			Weird Dreams	1989
WdS		ReadySoft	Wrath of the Demon	1990
00h		Scoopex	Beast Sonix	
AYk
.=D
R5_		Screen 7	Crossbow	1989
3I
DDH			Jaws	
VPh		Telecomsoft	Space Cutter	1988
07:		The Edge	Garfield "Big, Fat, Hairy Deal"	
\J`
Y2H			Snoopy and Peanuts	1989
gP6		Tynesoft	Buffalo Bill's Rodeo Games	
jDe		U.S. Gold	Road Blasters	1988
5GY			The Gold of the Aztecs	1990
/S`
<\Q
k/
1.1
02
.^G		Ubi Soft	Jupiter's Masterdrive	
.76
\\g
_63		Virgin	Krusty's Super Fun House	1992
McO		Virgin Mastertronic	Dan Dare III	1990
R>2			Golden Axe	
gF/	David Yapp	Empire Software	Volfied	1991
/dA	Dean Evans	Ocean	Hook	
4I6
/:h
/?5
0`9
TL
CK
0?@
5\S
7SA
/e>
Tl
/]9
1V6
1dU
CC
1^8
2>d			Jurassic Park	1993
.:[
/;G
.iL
/PZ
48l
0FW
2@3
Sl
.2F
19d
/E<
@6
3LN
06Y
?Y
//K
8X`
M7
6U4			One Step Beyond	
0IC
1D[
.1=
5\i
0KB
77
/i;
55`
6\F
7^N
PN
1ig			Terminator II	1991
<Qb
J<k
7;=
6TZ	Denes Nagy	Vortex Design	Wendetta 2175	1995
.H0
/VP
90
.33
./L
2<L
=-
./:
2XB
/b4
/T8
1F=
.NO
5\l
/FM
.X-
@H
L4
.:V
c^
3a8
KR
>>G	Didier Ast	Public Domain	Impérial	1998
I@S
AJc	Diethard Pabel	Magic Soft	Think Twice	1991
?eE	Digital Masters	International Computer Entertainment	Mean Arenas	1994
6fd
5BT	Dimmen Gestel	Public Domain	Zitrax	1988
BfQ	Dirk Bialluch	Boeder Software	Time Lock	1993
6X2
.6Z
0NK
030
d_
VF	Dirk Magerkord	Computerpartner T&S GmbH	Einmal Kanzler sein	1991
61
/YT
.Xb
Si
?S
2Z
44
bY
0g
?K
Ji
.PQ
c@
]Y
.TS
IP
Q
Hi
W`
B
YO
.0I
0?
=3
Q>
NB
/Z@
k`
.2H
H<
.A6
O^
O0
..0
.6k
.SS
.B
e5
.ea
6Z
3<
.lL
:a
\1
2?
G8
<f
H=
.dJ
bA
lU
.-@
3A
2T
PG
G8
>_
hY
W>
NE
@f
.IJ
3A
3`
O`
45
P
/;N
aK
.Uc
Y
.[C
.Ai
kZ
k^
jV
Z2
KH
aL
9/
PU
i8
.R
<4
<L
.>g
YA
T0
JT
haH		Demonware	P.P. Hammer and His Pneumatic Weapon	
/_D
@V9		Micropartner	Gunshoot	1988
WP2		Traveling Bits	Brainball	1991
X0N	Don Howard	System 3	Myth	1992
?>9
2DS	Don Whitaker	Summit Software	Galactic Warrior Rats	
U`:
3-f
/R1	Doug Boari	Hawk	The Executioner	1991
DWa
H>
QHR
AR?	Douglas Fulton	Electronic Arts	The Immortal	1990
2AY			Will Harvey's Zany Golf	1988
D72	Drift	Cydonia	Models Inc	1994
1[-			Red Planet	
2TI
.k>	E Cangini	Simulmondo	Football Champ	1991
7<[
gX[	Edvin Fladen	Public Domain	The Ultimate Game Boy Simulator	1992
\P
N@e	Eike Steffen	Red Sector Inc.	CeBIT'90	1990
?D9			Follow Me	
27C			Red Sector Megademo	1989
VF7
8]G
A<>		Ubi Soft	Dyna Blaster	1991
;eU
cZa	Eldridge	Millennium	Warlock the Avenger	1990
2V/	Eric Gieseke	Dark Unicorn Productions	Scorched Tanks	1995
QlD
5/H	Erik Lyden	Quirk	Nostalgic Reflection	1996
>h4
N.	Evens Salies	Infomedia	Explora III	1990
6]Y
<0L
.K7
.B^
.a0
6kG
B2e
X;=	Fabian Rosenschein	Magic Bytes	Pink Panther	1988
D/T	Fabio Barzagli	PXL	T-ZERO	1999
0H8
@?F
2fK
P0	Fabio Cicciarello	Gremlin Interactive	Shadow Fighter	1994
35l
1l/
SY
/V.
7?f
0:2
?XB
.>j
QK
/Dh
J9
5_8
0b8
H^4	Fabrice Hautecloque	Silmarils	Boston Bomb Club	1991
4YW
?:l
.bT
KK7			Colorado	1990
bSW			Crystals of Arborea	
9Y[			Ishar	1992
4Ja			Metal Mutant	1991
:]Y			Starblade	1990
2P?			Storm Master	1991
B/	Fabrice Visserot	Ubi Soft	Puffy's Saga	1989
Y.P	Felix Schmidt	21st Century Entertainment	Nebulus 2	1991
;fa	Filippo Vela		Agricola	1993
3A<
8<Y
.1a
3>A
B<0
[`H	Flemming Sondergaard	IRIS	Exoticons	2001
9cG	Florian Strauch	Magic Soft	Ice Runner	1991
W?g
4c/	Frame	Zymosis	WC goes to WC	1995
?4`	Frank Lautensack	AMIGAfun	Lethal Zone	1991
9]:
Hkj
07Z
GXX		Boeder Software	Dimo's Quest	1993
0XC
7FC
5-f
8\d
XL
;-0	Frank Zielen	Greenwood	Mag!!!	1996
1BC
.4T
:]b
1lS
68i
GKT	Fred Gray	Firebird	Black Lamp	1988
S<-
8.2		Imagine	Victory Road	
]B>
6[_		Logotron	Star Goose!	
2;Q
G4I
9jB		Ocean	Eco	1987
NS?
jeY	Frederic Bouquerel	Exponentia	Adrenalynn	1991
0;-
I6T	Frederic Hahn	Hewson	Cybernoid II	1989
IBh		Ubi Soft	Ilyad	
GCM	Frederic Mentzen	Infogrames	Alpha Waves	1990
b[g	Frederic Motte	Coktel Vision	Abracadabra	1991
dEE			Cougar Force	1990
d\J			Fascination	1991
QIK			Galactic Empire	1990
Qk<			Geisha	
h^/			Gobliiins	1991
Ph0			No Exit	1990
M-J		Dragons	Dragons Megademo I	
667
4Ad
BDQ		Loriciel	Paragliding	1991
/KN
0M4
.0\
8N
0l>
2L6
8<E
3be
1G;
H<.			Tiny Skweeks	1992
KU7
./O		Mindscape	Fury of the Furries	1993
/FT
.``
/;H
0c?
/I@
bW
5.a
].
1Qh
/HP
/LA
/A`
1T
.U1
1;C
Hl
<2B
/Rh
1:[
.V4
BVi		Sanity	Arte	
EIE
>:.
5lT	Frederic Prados	Titus	Lamborghini American Challenge	1994
G^B
<QL	Frederik Hansen	Rednex	Emptyhead	1993
JhH
D3_	G Assenmacher	Kingsoft	Gotcha!	1990
:>U	G Wheaton	Shapeshifters	Quest for Galaxia	1993
@TA
.YP	Gary Biasillo	Hewson	Slayer	1989
@X=
_l0			Steel	
.59	Gary Gilbertson	Datasoft	Alternate Reality	1988
6F>
3_L
5[;
/0G
3lk
MA
2P9
.8l
a^
4=P
H@
2@_
0k>
;Al	Gary Knight	Hewson	Cybernoid	
4Ma	Gazzoldi Rene	Micromania	Blue Boy	1992
225
;g:
.:>
D;I	Geoff Phillips	Wicked Software	Spy vs Spy	1989
;Bj
1Mj
..H	George Dragon	Black Legend	Fatman	1993
cQ
lM
/1U
.U4
.\=
0KS
.WQ
C2i
6MH
98
1U4
/e.
2?5
/gW
6K-		Electronic Zoo	Abandoned Places	1992
1I]
1jH
2a7
Qd
^3
/O.
.8Z
2jI
4I@
.N>
1ZS
/h<
Y^
0/C
/Bh
0LR
gb
W^C		Gametek	Super Street Fighter II Turbo	1995
GUQ	George Essl	Dragons	Dragons Megademo I	1990
;?T
@O`	George Wilkons	Gonzo Games	Brides of Dracula	1991
.dH
Alc	Gerard Gourley	Codemasters	Crystal Kingdom Dizzy	1993
hd
1f\
.Pf
4<R
7aG
5:I	Gerardo Iula	Idea	F1 GP Circuits	1991
QF
/3I
?f[
04.
9-5	Gerrit Wille	Night Owl Design	Solid Gold	2013
1_<
:/c
/cT
6YH
/;?
9W5
3j1	Gian Luca Gaiba	Simulmondo	3D World Boxing	1992
1c8
JJF
3.>
32O			3D World Soccer	
0h
/Z@
UE
6-H
1.J
0K
1e/
0U>
SB
0Z2
.=^
1^9
1-O
>Y
9@l
.-N
01^
.^2
jZ
5YM			3D World Tennis	
1J\
:G@
494
[X			Diabolik	1993
1@8
4B
0U
HJ
Hf
_7
?Z
:
:0
cY
D^
V6
AM
.jQ
d;
/V
.ED
B[
5f
F6
\T
]N
.9=
.fE
AL
8?
.LD
9P
/U
.JB
5N
U0
..
E3
.1g
.fU
.?\
2k
::
Y]
DB
b_
2f
Gl
.h9
1P
.>e
.]L
9.
Q4
Q2
21
.P?
`J
d]
e1
`9
23
ii
CH
0Ti
FA
/4<
TP
.;>
Oe
BT
R?
1M
hg
/N4
d-
l8
Yg
?/
K3
=F
/;
YE
@W
/-/
8T
9G
3g
K2
1H5			Dylan Dog	
.O]
e>
Ga
.5O
141
<2
1Ee
;f
ZI
.0/
UI
1.J
fL
.DG
.@=
15G
/d5
ij
/P?
D9
/U1
IL
2c-
?2
?H
F?
Se
l[
6A
0T5
;[
/N<
.0c
:h
O0
He
057
/C=
XA			Spider-Man	
8L?
CHO
SG
je
2hB
.6M
.gM
8/_
1--
/i7
/[Y				1994
<5<
G\
16J
2PK
/kI
=/
C3
:=f
3O=
F
.0;
4h:
lZ			Time Runners	1993
/\]
/C7
7B
.@i
3I
.O6
d\
D]
PR
Zd
h1
._E
^N
[7
.70
/5`
Sa
.c/
WX
<H
[G
.6g
ET
G`
87
.19
1?E
/fJ
E>
0:@
4I
;D
.@N
47
/D1
Ld
V`
/6a
.iG
C9
jB
0@8
/[i
.CM
.jP
1Kh
/5N
=\
Di
/.				1994
Xk
QI
0i
SH
F2
.>P
Sf
I5
5H
^M
/S
.DF
.J?
.1h
R\
7A
/i/
3Z
.B
S>
T>
.[[
5g
/W.
0P
/T
3Q
.eL
7@
@M
IZ
lK
0EP
E\
Uc
MA
W^
.X8
4[
.]6
.B;
.7l
UE
aU
.T
L[
.-N
KH
H;
7L
3D
2k
<k
6O
O
;N
G=
le
.;2
/SU
Dh
W<
.Wa
1-9
=_
.MP
/<;
.Sh
kE
/Y
Ei
/V2
..
.D[
6N
8b
5EX	Gianluca Rotondo	Idea	Lupo Alberto	1990
7Y;
5Ib
DgO
1\h
TBa	Giulio Zicchi	Hewson	Zynaps	1988
7P3		Psygnosis	Obitus	1990
g^	Glyn Williams	Motion Picture House	Warhead	1989
4[[	Graham Gray	Effigy Software	Pinball Prelude	1995
.[J
0k7
DNJ
.Mj
/?4
>_c
6Ia		LSD	Jesus On E's	1992
7g2
3SB
UP
Dl
1AA
0IZ
/ea
.23
54Y
1@j
.kY
He
2aZ
/Qi
:V
WaZ		Psygnosis	Cliffhanger	1993
cN/	Grant Evans	CDS	Steve Davis World Snooker	1989
RPI		Mastertronic	Speedboat Assassin	
P=	Gregory Haggard	Cinemaware	It Came From The Desert	
.]5
/^_
N/
/[:
[Q
.Z6
N\
<Q
2L8
>;E
.;5
/l2
0?2
.7e
Oe
2?
6g=
0Ke
/KW
Sf
6-
8W
.Fj
/U3
/f;			Wings	1990
.Ud
EUT
56;
.R:
85[
.=a
15f
1.W
QG
XI
2VN	Haiko Ruttmann	Blue Byte	History Line 1914-1918	1992
`K
0ZY
/fA
.TZ
8a:
1QC
5R
aS
5Ic
/9X
2g
0YS
2K6
;J
XX
`f1			The Settlers	1993
22[		Starbyte Software	Twin World	1989
.\;
BSI
/l[
<_:
3Y
91Z
35b		Ubi Soft	Battle Isle	1991
;AH
.bY
.CK
6kZ
0eB
4Wl
05>
0jj
7A.
V/4			Great Courts	1989
>^<
1:0			Great Courts 2	1990
92I
EJ5
UTK	Hal Canon	U.S. Gold	Gauntlet II	1988
/e?
NI	Hannes Seifert	Flair Software	1869	1992
\B
.@7
.4D
EJ
:8
.H1
.0X
/@E
.g0
.R^
.?E
>O
D7
.?^
/Xa
>:
c4
\-
SM
6k
/G4
/0C
Rk
.Cj
2I;
1U7
Ej
/R1
O<
A5
/77
.=P
;5
.QD
0lG
/E1
.1/
.Y2
0U^
G7
._E		Max Design	Burntime	1993
4JQ
3f/
AZ
2Pg
k9
.eZ
.O;
1K6
.Kb
0G@
1b/
1BH
Sa
Ni
.Q@
/4S
12]
OM
0/.
/26
2WE
389		Neo	Whale's Voyage	
58g
4P_
Pe;
0@e
.]N
.SW
aZf			Whale's Voyage II	1995
/J9	Hans-Hermann Franck	Bytec	Cobra	1991
0aE
B_5
3.[
;=
/ZH
0F\
507
=.G
3W0		EAS	Limes & Napoleon	1989
>ZN
YZ]		Psygnosis	Atomino	1990
7/\
kE
lhT		Software 2000	Lettrix	
lD		U.S. Gold	Wild West World	
5`1
_6
A0X
7K9	Harald Kuhn	Kingsoft	Hägar the Horrible	1991
NS0
/?c	Hein Holt	Gremlin Graphics	Disposable Hero	1993
I[
29;
58V
23?
91f
5UU
\e
4T>
8L>
GCI		Victrix Developments	Snakes	1992
;>C	Helmut Melcher	LinEL	Crack	1988
2W9			The Champ	1989
1lB
AB^
`Z4	Henrik Juhl	Polka Brothers	Friday at Eight	1994
\5@			Gevalia	
_:K			No!	1995
9X@	Henry Jackman	Accolade	Zyconix	1993
1>J
46J
FGb
0T9
gQN		Audiogenic	Exile	1991
MB/			Exile (AGA)	1995
:CF	Herve Delteil	Oxygen	Cuzco	1994
PdE	Herve Leport	Silmarils	Wind Surf Willy	1991
Tdd	Hibiki Godai	Sierra On-Line	Thexder	1988
BR0
4Of	Holger Gehrmann	Kingsoft	Boulder Dash	1987
7GR		Magic Bytes	Biing!	1992
=\T
<LV
E7
/I5
/8W
.UX
1jO
56f
RgL			Clever & Smart	1987
W>0			Domination	1990
8OE			Dynatech	1992
;O
?fP
_LX			Penthouse Hot Numbers	
YX_		Rainbow Arts	Graffiti Man	1987
^Fg		reLINE	Dyter-07	1990
`f2			Hollywood Poker	1987
`jR	Holger Graefe	Brøderbund	Drol	1988
[C/	Holger Stenzhorn	M-Soft	Bomb Mania	1995
/KN
48c
0L;		MegArts	Brain Man	
1R;
=dH
LHM
g33			MegArts Hockey	
V/d	Howie Davies	HiTec Software	Blazing Thunder	1991
F?W			Future Bike Simulator	1990
^15			Insector Hecti in the Interchange	1991
6d6			Yogi's Big Clean Up	1992
H<k			Yogi's Great Escape	1990
4Zi	Ian Ford	Team17	The Speris Legacy	1996
BE
0]C
103
Re
25.
l0
.h1
7N
/5f
6P3
.>l
07\
6^.
5Y[
.=0
.Q?
VBA	Ian Howe	Gremlin Graphics	Super Cars II	1991
1FF		Mirage	The Humans	1992
5[M
<V[
C0R
3OU	Ian Jolly	Binary Emotions	Minskies	1996
.k6
0a4
2cI
73]
/C_
9Yd
1Al
2CS
RU
36[
16G
aY
U>M	Igor Shimsky	Mindscape	Fiendish Freddy's Big Top O' Fun	1989
.b>
1Y/	Ingmar Hansch	Animators	Roll or Die	1992
9ii
;e5
0T=
/@G
51^
.PW
5^l
.lS	J Dave Rogers	Hewson	Exolon	1989
AbK	J Roudet	Loriciel	Pinball Magic	1988
5Lf
iWK	Jacek Stepien	Freezers	Lech	1995
0;I			Wit Premium	1994
6eK
.G/	Jail	Gnu Design	Skizzo Demo 2	1993
13.
3Od
0J^
89
=]
0CE
28?
lY
/^Z
=fg
/@R
8a
.0E
.TY
M<
3e
08=
W-
.WW
d-
2PB
XPX	Jakob Svanholm	Limited Edition	Paul the Kinder Penguin	1996
aC	James Elliot	Sierra On-Line	Mixed-Up Mother Goose	1987
.7c
=;
/KR
.1[
KD
3C
.^;
cI
/P5
A[
>W
.PU
.QX
^8
/^F
.aY
9P
36`
1_
^[
Gk
Z=
0/-
;O
/QI
]B
28
B1
?9
.WP
:>
.l.
.S.
iM
.1T
.Gh
.0O
.ZM
0:.
.]L
Zb
.QF
:Z
OY
@[
.@_
LW
?T
9K
.GM
0JU
.b3
RYe	James Oliver	Dwagon Computers & Software	The Saddam Hussein Game	1991
:3-	James Teather	Psygnosis	Bob's Bad Day	1993
/^2
;QF
4h0
/OT
1/2
fl
2^^
.]E
/Bk	James Veal	Flair	Rally Championships	1994
9ig
/1P
3O4
.Ag
2hH
5S
/>U
1=P
:7M
33b
1?K
C_Q			Whizz	1995
0k;
.2L
3g
2cD
0UZ
>/M
5AO		Ocean	Sleepwalker	1992
3Z0
/G\
;45
.\f
Jl`
.WK
WG]	Jan Karlsen	Andromeda	Nexus 7	1994
[d[	Janko Mrsic-Flogel	Elite	Bomb Jack	1987
93T		Paradox Software	Space Station	1986
K@			War Zone	
OEP		Prism Leisure	Fireblaster	
gUJ			Protector	
1fc		Software Horizons	Luxor	1988
R2i	Janne Leinonen	Chris Foote	Operation Lemming	1991
Ag:
08:	Jarno Kilpiae	Parallax	ZiF	1995
D^V
08I	Jasmin Topalovic	Kingsoft	Paramax
0l5
76B
\J8
GWO	Jason Brooke	Access Software	Heavy Metal	1990
7EC		Arcadia Software	Rockford	1988
5dB		Elite	Ikari Warriors	1989
=`-			Space Harrier	
@C2
P/G		Go!	1943	1987
eh_			Side Arms	1989
`-V		Grandslam	Pac-Land	
0YC
Mfe		Martech	Hellfire Attack	1988
:a9			Vixen	
93P		Mastertronic	Feud	1987
.<_
3b[			World Darts	
Kj.
GVe		Millennium	Resolution 101	1990
BYf			Thunderstrike	
6\-		Mindscape	Harley-Davidson	
bF;		Sega	After Burner (89)	1989
KKF		U.S. Gold	Out Run	1988
/[b
5ZM
9>9
ND5			Thunder Blade	1989
097
=B8
\f.	Jason Page	Empire Software	Empire Soccer 94	1994
c;		Epic Marketing	Master Axe	1996
.hb
.?S
0L`
1BT
3`/
2aM
1@C
/jL
5bb
5bY
.b;
bH
20e
3Xb
`Kd		Hewson	Paradroid 90	1990
5l9
/Mc
Q\4		Microstyle	Simulcra	
0PR
/b.		Mindscape	Fire & Ice	1992
1W\
2UQ
1Rh
2SJ
<Y<
56?
0JS
2[;
3j.
<2A		Renegade	Ruff 'n' Tumble	1994
FE
5IF
81<
2k8
5VZ
/=J
2a3			Uridium 2	1993
/g<
6N9
1I\		System 3	Putty Squad	1994
.>
2e4
6HV
?C2
gY
/W6
CSL
5<i		Virgin Games	Ivan 'Ironman' Stewart's Super Off Road	1990
0-L			Realms	1991
=Eb
:F9
Ej>
<^Y	Jason Sheppard	Gremlin Graphics	Federation Quest 1	1990
DCQ	Jason Skelly	No Frills	Project XtC	1995
VD	Jason Smart	Firebird	Flying Shark	1988
>c7	Jason Whitely	Electronic Arts	Desert Strike	1993
=\9
/G`
1@K
5l
>7
.3J
[9
1\8
9T0
/Lf
/dT			John Madden Football	1992
APL
/W2
.lY
CaQ
/2[
8c6
6Dc			Road Rash	
7Q\
4U]
75M
3BG
26k
:?<
/E9
=^/			Space Hulk	1993
dN
17f
9g
6R8
?33
E?/	Jean Baudlot	Delphine	Bio Challenge	1989
=[\
:D[
Je
0F2			Castle Warrior	
@<\
9dQ
:4D		Delphine Software	Future Wars	
Z\
0.l
>/8
5aU
aY
HU
11O
/=0
1i6
BeW		Imagine	Bad Dudes	1988
.c=		Ocean	Beach Volley	1989
AI
l?
4QC
69
1;k
29[
/l1
/_H
aC
?;T
0]8
;/
/l3
36f
.V^
1XF			Snow Bros	1991
.]N
3<D
.Cg
FB
3-]
Af9
2a5
Ae
.>B
20K
i5
.S<
/f?
0XE		U.S. Gold	Cruise for a Corpse	
/VX
<G]
_
2O7
412
8H
5:f
^9
.6=
/V0
4l6
/4]			Operation Stealth	1990
:-
a=
6Hd
b=
6g
0Ga
1UR
R\
/\7
.2\
<S[
=Yc
j6Z	Jean-Christophe Charter	Silmarils	Metal Mutant	1991
2VR	Jean-Francois Freitas	U.S. Gold	Another World	
0D-
IJ/	Jean-Marc Boursot	Public Domain	Impérial	1998
7E7	Jean-Marc Grignon	Psygnosis	Chrono Quest II	1990
lh
25N
7g>
/7U
.c@
0^N
.MS	Jean-Pierre Jandrain	Avesoft	Coloris	1989
0A9	Jean-Pierre Vidos	HitSoft	Krypton Egg	1990
<K_
=IQ	Jeff Rourke	Black Legend	Crystal Dragon	1994
<i0
:H]
4AZ
J/c	Jens Busse	Sunflowers GmbH	Aufschwung Ost	1993
;F/	Jeroen Soede	AMIGAfun	Future Shock	1991
E7^
4=:
1B
0_D
:ij
C/S		Prestige Software	Doofus	1993
3`I
0Ol
3J.
5CR
5bg
d/M	Jeroen Tel	Image Works	Teenage Mutant Hero Turtles	1991
2H2		Interplay	The Bard's Tale Construction Set	
0;.
2?2
/4e
FdN
7^\
9LP
.7?		Melbourne House	Supremacy	1990
5D]
4J9
6a:
?1i
4c>
54P		Psygnosis	Agony	1992
/Jh
Baj
8?D
f:
/K.
.dU
8kT
8^1		Ubi Soft	Iron Lord	1989
2N>
/V/	Jesper Kyd	Kefrens	Kefrens Mega-Demo VIII	1990
0Il
.aD
0.M
/fP
Lag
9f
2`
2@
:\E
.EH
02X
G7>		Magic Bytes	U.S.S. John Young	
YGi		The Silents	Xpose	1992
6eL
3`c	Jesper Olsen	SilverRock Productions	Georg Glaxo	1993
G;D
2ER		Softgolf	Lollypop	1995
2_
1YV
/-a
.]K
/.>
8U
.2[
.Rj
/4k
GD
EA
.0L
5aF
C9
`L
5SJ
0L0
/ef
1LT
0]G
2-4
0bN
Wl3		SuperSoft	Guldkorn Expressen
<fA
=.0	Jim Brown	17BIT	Sonix Sounds	1989
TVS
Mie	Jim Cuomo	Calypso Productions	Astate	1990
JQK		Master Designer Software	Defender of the Crown	1986
:-P
AG\			S.D.I	
3Ni	Jim Rankenberg	Innerprise	The Persian Gulf Inferno	1989
]fE
a2\		Magic Bytes	The North Sea Inferno	1990
<c.			Tom & Jerry	1989
IZO		reLINE	The Way of the Little Dragon	1987
;_O
2XL	Jimmy Fredriksson	Codemasters	Miami Chase	1990
3B`
807
47A
64C
3a?
:f3
h[c		Team17	Full Contact	1991
P9i	Joachim Sobczak	Scoopex	Alien	1995
.-6g	Joachim Soppe	Sanity	Flash for Fantasy	1991
2^[	Jochen Feldkoetter	7th Sign Productions	Statix	1995
<8d
8CY
>2-
8c<
9C
Ueg		Anarchy	In The Kitchen	1992
k]h		Masque/TRSI	Misery Dentro 2	1993
Jlh		Sanity	Interference	
DPh
.fj	Jochen Hippel	Eclipse Software Design	Lethal Xcess	1991
4R:
Od
/af
74U
1Qc
67K
6/_
8^h
1kD
2ZJ		Grandslam	Chambers of Shaolin	1989
5dL
0il
bL
2Ia
.P.
;i\
.:N
6L9
7ES
4BJ			The Seven Gates of Jambala	
GeV
7:M
:k>
.df			Warp	
5^B
Sc
01<
0YX
5>Y
0A=
/BH
6WE
/3W
?bc		Hewson	5th Gear	1988
E6V
0U<			Astaroth	1989
1CT
=Y/
BFg
;8j			Battle Valley	
:9E
6W;		System 3	Ninja Remix	1990
@]X
78<
.9K
7\S
4S
2@<		Thalion	A Prehistoric Tale	
J@:
YE
.2k
0YB
.^e
.b6
21i
8Q5
1lL			Amberstar	1992
25X
.`/
5/\
15=
M1
17B
.;:
a7
KP
/M`
.\_
0BO
U]
5:
.PG
04S
/.@
1FR
2hC
1FQ
.`2
.9U			Atomix	1990
.2T			Dragonflight	
0dL
6GT
.Th
0.^
e
/2I
1-O
2.f
.MV
2TH
/fG
6ZG
Eb
1c<
//7
2;g
.-:
D.
4?
MLb			Enchanted Land	
1M9
BKA
.X?
2i8			Ghost Battle	1991
5QT
1^5
.gD
>X0
<8i
6K9
/2U			Leavin' Teramis	1990
1<B
.6>
0D^
2E2
/B\
3Z>
/JK
/KY
4CF
cN
Ra
.?W
Nl
.^Z
/7A
5.]
0XN
2]k
/=L
<X
2VC			Wings of Death	
.f\
.IC
.[j
/9X
AfJ
1V
5cK
V7
ka
ic
8@
.4Y
..I
.gd
.g-
/h9
0Wd
2.Q
1QM	Joerg Schwiezer	Boeder Games	Cyberzerk	1992
0_k
IYH
/<e
9^3
CU>			Subtrade	1993
3h1
3`8
.P/
Z>f	Joerg Simon	Sanity	Velveteen	1992
GgO	Jogeir Liljedahl	Virtual Dreams	Full Moon	1993
2K?			Love	1994
?5J
@KU	Johannes Bjerregaard	Hewson	Stormlord	1989
=gO
6^:
9^Q
/c0
./k
Dk1		System 3	Tusker	1990
eh
kW`	John Avery	Krisalis	Manchester United	1995
6X>	John Carehag	System 3	Fuzzball	1991
0S\
?7i
7Xb
;b1	John Croudy	Storm	St Dragon	1990
23T
R5d	John Dale	Audiogenic	Helter Skelter	
g^O		Lucasfilm Games	Pipe Dream	1989
0LB		U.S. Gold	E-Motion	1990
=C-	John Hardie	Frenetic	Platman	1995
?eA
KZ1	John Keding	International Computer Entertainment	Deep Core	1993
00-
9aa
O7R	John Molloy	Magnetic Scrolls	Corruption	1988
B7P			Jinxter	1987
Oa5			The Pawn	1986
J.`		Rainbird	Fish!	1988
5C	John Phillips	Hewson	Eliminator	
Gk/			Nebulus	
2U<	John Tummon	Applaud Software	Blockhead	1996
DW
/EB	Jolyon Myers	DoMark	'Nam 1965-1975	1991
hHT
BKE			Hard Drivin' II	
gk?			MiG-29 Fulcrum	
YB<			R.B.I. 2 Baseball	
>Z7
Kji			Race Drivin'	
PkJ			Super Space Invaders	
<NQ
28P
<.9			Thunder Jaws	
/k5
.\Y
0Ag
5]Y
Qf
3H-
QD
hZ
.N>
CHG
>Ri		Grandslam	The Hunt for Red October	1990
9M:
2B^
85Y
>eF
/fC		Share And Enjoy	Amazing Tunes II	
<GH
5-\
7L2
\L
6lV
/.5
5ac		The Sales Curve	Big Run	1991
A`9
0QY	Jon Law	Digital Magic Software	Shockwave	1990
eFH	Jon Medek	Electronic Arts	Hard Nova	1991
0HP	Jonathan Dunn	Ocean	Batman	1989
6?O
ac
7\_
/];
4EW
3:V
0<E
7gd
0:8
EDl			Battle Command	1990
=Z/
7TT
32;			Darkman	1991
/7\
`aP
EJP			Operation Thunderbolt	1989
2;C			Rambo III	
<02
.G9
5l@
2ZW			The Addams Family	1992
3V6
.fb
/1@
4Y1
Gc
7R`
.cO
3<H
9Ql
92A			The Newzealand Story	1989
N3C
5hX			The Simpsons	1991
:kb
4iH			Wild Wheels	1990
jh
il>	Jonathan Gibbon	Cydonia	Rerun!	1995
3=c	Joonas Vaehaemaeki	Kinky	Sumu	
fX[
J>M	Jorgen Bech	Rainbow Arts	Globulus	1990
>V.
SKF	Jori Olkkonen	Neutron Dance	The Spinner	1989
5Dh	Jose Martin	Dinamic	A.M.C.	1990
/F.
.0J
2H8			Hammer Boy	
[U<
5BN			Mega Phoenix	1991
QY4
d\>			Narco Police	1990
;Ze			Satan	1989
.5e		Electronic Arts	Risky Woods	1992
6l
05J
>7=
80D
4g`
2J_
0K9
7_Y
.@B
4C
FBY	Jukka Kaartinen	Complex	Dive	1995
;];
CFQ
T@3	Julian LeFay	Discovery Software International	Sword of Sodan	1989
3`O	Julio Martins	Expose	Son Shu-Shi	1991
0/4
3:T
/-
.19
/XH
57
3V_
/Uc
?29
0Vc
e;
AR
2G^
Eh
0:_
.JL
.J<
:HO	Justin Scharvona	Fun Factory	Slackskin & Flint	1992
8Oj
B3R
VO
/F>		Konami	Predator 2	1991
831
6R.
4P3
>i7
1;k		Thalamus	Armalyte	
7Rk
.DE
;aU
9Z3
gA
6-^
jl
FZa		U.S. Gold	The Godfather	
DcC
4G?
HEN	Kaiju	The Black Lotus	Misery	1995
/Q^	Karl Lukas	Time Warp Productions	AP Mechanicus	1988
_Le
1bL
3k_
=-
bB0	Karsten Obarski	Rainbow Arts	Sarcophaser	1987
_iJ		Time Warp Productions	Detector	1988
Q60			Future Tank	
Af^
/8i		reLINE	Amegas	1987
31;			Centerbase	1992
/G9
5C
/Qb
I:0
4@F
4_
0P;
/iZ
/J<			Dyter-07	1990
5GE
00C
?NW
/3;
.1Q
1bA
/3c
PHI			Oil Imperium	1989
3E1
68B
3F1
40`
8lb	Kazunaka Yamane	Virgin Mastertronic	Double Dragon	1988
.3C	Keith Baker	SamSoft	Defektris	1994
@@Y	Keith Tinman	Ocean	Batman	1988
=0X			Head Over Heels	1989
70I			Hudson Hawk	1991
Dh;
5Kj			Midnight Resistance	1990
[@F
2Sf			Push-Over	1992
.-:
0j?
0fc
3a4
8Cb
J_
5Yh
.l]
.kl
0:f
2Qi
5b0
hE=			Red Heat	1989
2c>			RoboCop 2	1990
0EL
.hh
1I/
.EL
0[C
.^i
27E
.RA
/`\
1`S
6-<
5>A
/bK
1eL			The Untouchables	
0F;
7F\
NF
..E
1f9	Ken Berglund	Islona	Sixth Sense Investigations	1997
/Lg
3Gd
.dT
/CB
^L
;T
/F
.gD
.KD
0U7
B0
1-H
.fN
./L
7-e
/0=
4^`
15V
T0
.S_
/.e
H;;	Kev Bruce	U.S. Gold	Power Drive	1994
69P
>`6	Kevan Stannard	Guildhall Leisure Services	Gloom	1995
Zd.
?A2		Mindscape International	Lunar-C	1993
8.9
[HM	Kevin Collier	Digital Integration	ATF II	1990
9PN		Firebird	Mr. Heli	1989
7A;
/l\
FUU
.[R
6JH
6;Z			Savage	
D:V
9Z=
/8U
=1W		Mindscape	Harley-Davidson	1990
hUI		Psygnosis	Bram Stoker's Dracula	1994
0MA			Microcosm	
/eT
0=/
2VB
1Ge
.hV
4gg
/:P
3Z=
0O2
.6B
/]/
7YE
8K<		Share And Enjoy	Amazing Tunes II	1990
3_:
:8`
5?`
6/R
8=^
087		U.S. Gold	Operation Harrier	
8i:
0SU
.7O
31
5U/
?QW
<7S
7Y?			Rotox	
1\K
3A5
<..
CE?
;Kh	Kevin Earl	The One	Psycho Santa	1994
Zc4	Kevin Holland	Electronic Arts	Birds of Prey	1991
PVN	Kevin Schilder		Black Crypt	1992
;CD
LU
.]8	Kim Christensen	Arcana	Rotor	1989
9-Y
.\?
4Sb
/?5
9]k
?OA		Hewson	Onslaught	
I<F
=fW
_3h	Kirk Fitzgerald	Strategic Simulations, Inc.	Hillsfar	
SC	Klaus Nielsen	Kefrens	Desert Dream	1993
7kl		Polka Brothers	Friday at Eight	1994
[ba			No!	1995
HFN			Zinko
Y4T	Klaus Ude	Sphinx	Magic Marble	1989
@25
8:I	Klaus-Dieter Sommer	Maxon	Exxon	1991
ghZ	Kou Shibusawa	Infogrames	Bandit Kings of Ancient China	
>R5			Genghis Khan	
=/W		Koei	Nobunaga's Ambition	1988
2-7			Romance of the Three Kingdoms II	1991
9US	Kris Hatlelid	Accolade	Grand Prix Circuit	1989
0Mc
=>2
N-
6YI
@I3
E=j			Hardball II	1990
5EI
Ul`			Test Drive II	
?]U			The Cycles	1989
:@l
0.b		Brøderbund	Wings of Fury	1990
4MZ		Image Works	Teenage Mutant Ninja Turtles	
FAC		Konami	Super C	
Mb4	Lajos Suvak	Electronic Zoo	Abandoned Places	1992
9K1	Lars Rueckert	Sanity	Thunderbold	1990
.:7	Laurens Tummers	Eclipse	Monster Business	1991
.jL
1<@
5SP
/[/
0ae
4jC
KC^
V\Q	Lecter	21st Century Entertainment	Nebulus 2	
jA0	Leonid	Neutron Dance	The Great Balls of Leonid
CBb	Linus Akesson		A Bit More	1997
FSY	Lional	Heretic	Delirium	1995
;b<
.T6	Lorenzo Toni	Simulmondo	Dylan Dog	1992
6`
gc
.QB
^.
d;
.09
3N/
SY
/<>
HB
1NR
LK
8>
]M
<=
.g
.^Q
9M
.-T
0>:
2i?
/28
.Y0
.M;
.7L
/AD
1.-
.YR
.OI
0Vc
/cQ
Ei
gfe	Lukas Nystrand	Royal	Sauna!	1995
/6l	Lyndon Sharp	Codemasters	Pro Powerboat Simulator	1990
j1j			Pro Tennis Simulator	
WZW	MC Slack	Gremlin Graphics	Team Suzuki	1991
<fh
26<			Toyota Celica GT Rally	1990
\`]	Mad Jack	Domination	Mish Mash	1995
3MU	Mad Phantom	Assassins	Escape II	1992
B<
1WZ
2G[
:;i
@e
/7[
0?E
3BQ
ABN		Kryptic	Escape	1991
PB2
1J3	Mahir Hisham	Mesopotamia Group	Babylonian Twins	1994
DdP
CjK
XSe	Major	Bomb Squad	Ultimate Stress	1995
.M<
;6X	Manfred Linzner	Abyss	High Anxiety	
.YV
H48
=-
005
/CQ
6_6
/@i			Pixel Storm	
D^L
A;d
.fG
630		Epic Marketing	Tales from Heaven	1999
2ZB
3WO
5kV
4Zj
3i/
2_g
28^
3YP
:TV	Manfred Nocken	Kingsoft	Turn It	1989
.Q@
KMV
G?E		Thalion	Atomix	1990
3BK
2B6
/1I			Magic Lines	
=\S
/hV	Marc Francois	ReadySoft	Guy Spy and the Crystals of Armageddon	1992
;8;
ONZ
.Mf
Kh;	Marc Hawlitzeck	Megalith	Magic-Jumper	1990
BCg
B^/	Marcin Szumiela	Marksoft	Mentor	1994
/BT
4Q:
9Q
1MZ
5S
1EW
1VJ
/-0
36[
1U3
3.I
4k
/<V	Marco Caprelli	Dynabyte	Nippon Safes Inc.	1992
9KE
3?;
1-N
.l[
.g4
DfS
5>^
?<
/HQ		Power Computing	The Big Red Adventure	1997
6Z
.4N
WN
//i
.X>
.3Q
DH
J/
1-U
]E
1//
.gV
/d>
1U8
hD
Pd
0:Z
DE
.<E
gS
.U\
5-
.:;
6Z
TB
0E3
2:<
^4
._G
WB
]]
.6<
097
c^
2O/
b5
UR
a=
<CR	Marco Schindler	Kefrens	Kris Kros Sucks	1993
._S	Marco Tibben	Empire Interactive	Coala	1995
D\F
IK3
@Kc	Marco van Steen	Logic Systems	Tetris Pro	1993
PNb
2H
.A\
kIT	Marcus Miller	GT Publishing	Reflexity	
/^7	Margaret Lowe	Sierra On-Line	King's Quest III	1988
f-
._N
D.
1SS
07C
2HW
P9
4T`
6GT
.bH
.]7
0K
80
3^
/EQ
.=:
TZ
.j1
0.5
.f>
.4l
./X
4-A
0IE			Police Quest	1987
.IY
.0;
.aT
IG
3lW
/cL
5.V
B2
.aL
;?
/Vk
5T
5LI
0Qk
01;
.P9
3GK
c/
.be
1@R
0.`
K?
8jM	Mark Cooksey	Elite	A Question of Sport	1988
bXZ			Commando	1989
]\5			Ghosts 'n Goblins	1988
Z9			Grand National	1989
bkI
4N7			Gremlins 2	1990
LTJ			Mighty Bomb Jack	
N^Z			Overlander	1989
DJE			Paperboy	
Rfl			World Championship Soccer	1990
4l.		U.S. Gold	Forgotten Worlds	1988
7D6
6g\
=\7
2V2
ZE<	Mark Gornall	Zeppelin Games	Universal Warrior	1993
.V9
.h.	Mark Knight	Mindscape	Alfred Chicken (AGA)	
.D4
6UB
.BC
5C@
/HS
;M.
0Ke
8HR			D/Generation (AGA)	
a@R
6aS			Liberation	
6L<
>b
.df
6L			Pierre Le Chef is Out to Lunch	1994
;O
1/`
?4J
2@f
W3
Z=
/9H
.I^
/7I
5i
:=g
6.9
@k
.Lj
/.X
.41
/8Z
.-e5		Mindscape International	Overkill & Lunar-C (CD³²)	1993
.fG		Origin Systems	Wing Commander	1990
/N
R=
DL
.<\
D2
:3
/\e
57
.<g
aj
KA
2EO
e]
05f
/.3
jA
ZS
1-G
g[
j_
.=?
.N4
12f
4:4
.RN
99
08I
06;
/9D
./H
A[
/bT
.1l
FO
6;
<U
N@
.aV
.FL
.Xk
OO\		ReadySoft	Guy Spy and the Crystals of Armageddon	1992
DQ=	Mark Riley	Dynamix	A-10 Tank Killer	1990
Ff2
;Vg
AZc	Mark Sheeky	Alive Mediasoft	Blade	1997
3a6
.[a		Scorpius Productions	AnTz	1995
7[[			Arazmax	1992
DjU			Firefly	1993
4<]
?c
NPf
Di^			Global Thermonuclear Warfare	
:7c			Hideous	
I[^
J-V			Hilt	1994
N^:
<=K			Hilt II	1996
7bA
BKd			Liberator	1992
RN
^YO			One on One (PD)	
0Vi			Outliner	1996
GA
RI?
4U^			Overlander (PD)	1994
:C8
7eO
CHU
_iS			Rage	
;3i			Roton	1992
/?B			Spectrum	1991
CY?			Taskforce	1993
1H6
2b-			The Challenge of the Matrix	1991
G7_			Xenex	1996
;KH
Dj4
476	Mark Wilson	U.S. Gold	Bonanza Bros.	1991
16X
/F[
/`0
\`=
H-D	Mark de Jong	Exoticans	Happy Buzz-Day	2000
3e.	Markku Leinonen	Banal Projects	Seasick	1995
RZ/
];V	Marko Sekulic	Black Legend	Football Glory	1994
7R9
FR0	Markus Kaarlonen	Mature Furk	Lapsuus	2001
S[9
IWi	Markus Kludzuweit	Blue Byte	The Settlers	1993
Th?	Markus Olinger	AMIGAfun	Tetrix	1991
F`i	Markus Schneider	System 3	Tusker	1990
HS`
OZ4	Markus Weichselbaum	Magic Bytes	Air Supply	1989
/O>	Martin Demsky	Vulcan Software	The Strangers	1997
c]
.L<
03R
/=Y
052
=f
.aN
GL
@l
.K1
/-/
U_
.F_
3kC
Y<
dH
SU
8V
.h>
.b6
/X0
1H
0R4
4@
0<2
/9H
0>=
.=h
1;Z
.9=
29
371
.Mk
U9V	Martin Halberg		Genetic Species	1998
8di
=U;	Martin Iveson	Core Design	Banshee	1994
5He
BKg
72f
/<e			Blastar	1993
5f3
0j-
/P[
2G4
.9-
67K
0;c
.XS
<>?
.cP
.g=
BP
38X
7KA			Blob	1991
2R;
4c;
12N
391
.j5
9<A
KJN			Bubba 'n' Stix	1994
//5
.-a
9i1
6a
.XY
8BY
.GJ
.S>
2:
.Ad
.5\
3=;			Chuck Rock 2	
14_
0G;
2P_
10a
?7
.24
0]W
3h\
0:k
EN
9CI
P_
/G
?j
MI
GY
.Dj
.cf
4kD
:lJ			Curse of Enchantia	1992
IQ4			Darkmere	1993
1;c
0]O
>>L
2d_			Heimdall	1991
@0f
1N2
3Qc
@Jl
>kR			Heimdall 2	1994
21A
FKW
cH
@]			Jaguar XJ220	1992
/E_
4=d
2dI
9cT
.H@
0PB
/BM
:_;
Ja
3]Q
Q:
/JQ
\X
Z
C@
8D
lM			Premiere	
I]
7D-
7-
.\L
/iN
/?h
4fh
XR
5EW
7=_
/Q7
0V`
/8X
3RY
AWD			Skeleton Krew	1995
<de
_B
P17			Skeleton Krew (CD³²)	
/FE			Universe	1994
.-8
23g
3@O
hW
5dP
f9
00`
/6c
1dk
2GP
52
3BB
HH
05E
/9l
C7
/<A
H-e			Wolfchild	1992
3aW
3iK
2P7
.<W
1Sf
1RO
/2g			Wonderdog	1993
9<
9cI
.71
4_2
26<
2[@
6DQ
4JR
/.
4`Y
1@^		Core Design Ltd	Dragonstone	
36k
/A^
1S1
0JO
2F/
4dA
788
1UY
Ti	Martin Nyrup	Breadline	The Moochies	1991
0O7
d_
>6
.b3
.lg
2D
;6
>1
/QZ
20
:-
.l4
.e\
/AM
.>/
.N:
J6
3G.
.>M
X.
3A1
1>1
1<X
^Z
/C3
bC
L4
1>g
3WK
.>5
/H5
9]
.:1	Martin Rebas	MartinSoft	Pengo	1994
TkA
R/J	Martin Schioler	Anarchy	3D Demo	1991
GCE
.VO
gDF			3D Demo II	1992
BaR	Martin Silbernagl	Public Domain	Kick 'Up	1988
\^`	Martin Tykesson	Kingsoft	Paramax
[[?	Martin Walker	Activision	Atomic Robo-Kid	1990
M3Q			Dragon Breed	1989
[2d			Hunter	1990
jE=			R-Type II	
>4@		Arc Software	9 Lives	
T=U
lUV			Defender II	
Y0		Core Design	Frenetic	1991
jI]
7]`			Thunderhawk AH-73M	1992
B^N
3OF
SWf		DoMark	AV8B Harrier Assault	
FgF		Electric Dreams	Spindizzy Worlds	1990
>T]		Image Works	Devious Designs	1991
9IQ
5@_
6Q1		Lucasfilm Games	Indiana Jones and the Fate of Atlantis	1992
2l?		Mindscape	D/Generation	
1.B		The Sales Curve	Final Blow	1991
A74		U.S. Gold	Kingmaker	1993
391		Virgin Games	Reach for the Skies	1992
_<7
bfJ	Martin Wall	Razor 1911	Voyage	1991
YS
4jV	Martin de Agger	Interactivision	Naughty Ones (AGA)	1994
0]a
:JX
4ML
4ja
AT6
0`-
dHd		Kefrens	D.A.N.E.	1993
8`3			The Wall	1990
=d]
4_k		The Sales Curve	Daily Sport Cover Girl Strip Poker	1992
?LN
.`;
/A[
09H
3-U
3Y:
.?3	Massimo Perini	Simulmondo	1000 Miglia	1991
dI
D77
.SA
16;
/N/
4Hf
0j\
.@W
=E7
_Y			Dylan Dog	1993
0]V
0lD
3\l
I>
/Kb
/[Y
08:
>Q
..<
F2
.W9
<A
0Ej
11Y
F4
gD
@K
0:N
.<J
Df
2JD
/jV
.\H
/01
0/;
06U
4D
N<
/XB
;a
.==
B=e			Formula 1 3D	1991
S6g
hC3			G.P. Tennis Manager	
1jM	Mathieu Berthaud	Attic	Fears	1995
5]g
R@2
E.O		Complex	Real	1994
OKJ
0iA	Matt Bates	Activision	Deuteros	1991
74k
>P/
M]O
2A`	Matt Furniss	Blade	Lords of Chaos	
O.=		Core Design	Torvak the Warrior	1989
??
.W/		DoMark	Badlands	1990
9W8
;5T
5e=
9-0			Castle Master	
/_f			Cyberball	
SW]
9I1			Escape from the Planet of the Robot Monsters	
NQd
ee<			European Football Champ	1992
?ZG			Hard Drivin'	1989
:/k
B;@			Klax	1990
/lU
.BU
PR5			Pit-Fighter	1991
@]b
EK2			Race Drivin'	
0>V
<d>			Rugby	
1FB
DPL
.f7
07b
.g-
Rg6			S.T.U.N. Runner	1990
YE=			Shadowlands	1992
3jk			Skull & Crossbones	1991
X3
5K?
=BQ
6M9
4V4
.ej
7Ya
.A9
CFY			The Spy Who Loved Me	1990
ESY			Toobin'	1989
Ffl
5Sj
=PK		Electronic Zoo	Subbuteo	1991
YI1		Goliath Games	World Championship Boxing Manager	1990
5d@		Grandslam	Scramble Spirits	
/Ol			Space Harrier II	
5WY
[<D
/Tg		Guildhall Leisure Services	Legends	1996
6d?
EU1
^/
4@8
@KR
.B=		Krisalis	Arabian Nights	1993
.cD
=/
3iH
?9^
2`g
7k;
1bB
/=U
.Q7
2/Z
^S
[;;			Botics	1990
>\5
PY7			Face Off	1991
BW9
;DP			Hill Street Blues	
.-.G			Jahangir Khan's World Championship Squash	
YU>			Mad Professor Mariarti	1990
5>R
JUD			Manchester United Europe	1991
?O6
IK.			Revelation	
Jfa			Rogue Trooper	1990
:AZ
5?^
4Eg			Sabre Team	1994
EIG
6b0
9JC
1?I
3L3
5Uf			Shadoworlds	1992
X1			Soccer Kid	1994
/7`
1ET
.TT
7`
.l.
.`=
D<
0S\
.Hi
[=
3d5
363
0?5
.gS
/6A
/97
4j
.NX
@X
6d
26k
2J
0bj
;6
C^
/@Q
.fW
LR
.Qa
?26		MicroIllusions	Laser Squad	1989
6J-
UYc		Millennium	Manix	1990
1d:
U?<		Ocean	Chase H.Q.	1989
Pkk			Rainbow Islands	1990
<PS			Shadow Warriors	
I\F
>\		Origin	Ultima VI	1992
.]?
5hg
3L6
2NH
6RE
31Y
<K7
/.R
5DP		Psygnosis	Cytron	
31A
VTX
5Q		U.S. Gold	Out Run Europa	1991
JJ
5NS
93
/2Z
/M9
71U
?_D
A>a
.4Q		Virgin	Alien³	1992
?hd
9I^
03L
:0b
/l2
1>O	Matt Wright	Arcadia	New York Warrior	1990
Q-H
2fh
8KJ
.gR
55[	Matthew Cannon	Ocean	Elf	1991
`1
g7
.=d
17Y
.KL
3Cj
\l
7`3			Navy SEALs	
>hA
0Rj
:lH
P;l			Parasol Stars	1992
1gN
3gN
0`@
0fZ
/WD
0ig
.1;
42f	Matthew Kane	Lucasfilm Games	Zak McKracken and the Alien Mindbenders	1988
2cd
/[:
2cb
2e.
>6\
/9V
;F<
/Gg	Matthew Nathan	Softgold	Erben der Erde	1995
B5
.dF
34A
O6
1/P
Ed
L@
D2
0?;
.7O
.9\
1Zc
?3
64R
.Ab
<S
.Pg
6a
@k
0-R
gf
hM
0`V
:c@
7I
.kE
2Rg	Matthew Owens	Alternative Software	Death Mask	1994
1DC
8A1		Apache Software	Super Methane Bros	1993
G
K1R
2Vc
:I]
1Z`	Matthew Seldon	Empire Interactive	DreamWeb	1995
6Y_
6Bi
/K@
.Q1
:N^	Matthew Simmonds		Superstar Tennis
=iL
O\W		Anarchy	In The Kitchen	1992
I`C
FdX		Codemasters	Bubble Dizzy	
Q;C			Cosmic Spacehead	1993
gD/			Dizzy Prince of the Yolkfolk	1992
0]j			Fantastic Dizzy	1993
/3O
_?
/aJ
0DI
K6
0H>
F4
3h
.W[
b1
h<
1?b
a6
0[9
>7Q
2_i
7DX
3FZ			Magicland Dizzy	1991
C4E			Micro Machines	1993
3fT
/TU
/>9
R]g			Violator	1991
F8:		Core Design	CarVup	1990
95i
1N8
73T
4JH			Chuck Rock	1991
]Mc
M3G			Warzone	
V0e		Digital Magic Software	Shockwave	1990
@MR		Elite	Last Battle	1991
^0I		Europress Software	Dojo Dan	1992
/=<		Ocean	Space Gun	
2UG
0`Q
C_
/;R
9DB
ck
1Cl
/Nb
/H4
=5K
1;>
0Q/
/Sg
IAA		Psygnosis	Leander	1991
2R`		Team17	Cardiaxx	1993
IO^
\\>		U.S. Gold	Beast Busters	1990
Ah5			G-LOC R360	1992
.-h
0kD			Shadow Dancer	1991
42g
P3\
0Fi
.ZL
3EV
K3k			Street Fighter II	1992
N67	Matthias Steinwachs	Thalion	A320 Airbus	1991
Ak			Ambermoon	1993
TA
.K6
0/X
8`
2\C
6I
D.
/^k
.:b
7F
=?
0N-
/c.
.Nl
/Yg
A5
BR
.<-
5T
/4C
b`
.P?
04h
RU
Hd
?a
.S
HN
/?@
..4
.IY
SA
.A^
@i
.6A
:S
FH
X8
.2S
YW
.J8
;h
Jj
V-
.3P
.3-
.A^
TS
..G
/SH
[J
bM
78
/LC
5?			Lionheart	1992
J@
.G1
d>
1Z0
/Je
.9j
.c
.GZ
0XV
[3
0j
.6L
OK
.We
/G.
/?]
0W4
.Dl
/5G
M8
^]
.h=
Lc
k-
dW
0M:
0UW
[=
7H
0@_
.:Y
.4=
.<N
.P`
/2
.R<
U<
?Z
0Te
[F
J
/3:
GB
9a:			Neuronics	1991
a0D
0\K			No Second Prize	1992
Di
4hf
/U4
7:I
1H8
50X
.E-
V4
?]5
>k
3M
CG/	Matti Tuomela	Sonik Clique	Fad	1995
7L.
4V4	Mattias Bladh	Limited Edition	Mindabuse	1996
3Wc	Mattias Fridh	Prestige	Sword of Honour	1992
Gki
/`A
/WZ
0d1	McMullan and Low	Gremlin	Venus the Flytrap	1990
09c
0l7
A.
.5S
.I;
.9D
6MH
1S5
:0]
]7
4[N
3?\
3TQ
468	Michael Bialas	Hudson Software	Yo! Joe!	1993
Ag
6WY
0]f
/[7
c0
2/6
]d
6N
3RW
0@X
PC
5HV
;`8
46D	Michael Couturier	Infogrames	7 Colors	1991
B7-
>_U
;;[
g-J	Michael Davis	Image Works	First Samurai	
L4e	Michael Habich	Brainwave Entertainment	Imagems	1993
HY-	Michael Scheer	Starbyte Software	Inve$t	1990
/Q3	Michael Tschoegl	Epilogue	Vyrus	1991
68c
<HE		LinEL	Necronom	1990
ZJ
GZi
T4
/j;
/bd
3T
5jh
3dE
.2a			The Neverending Story II	
0kI
/R.
Cc-
?TR
ML
5^/
0NF
QV
aU0			Traders	1991
6`g
BRS	Michael Winterberg	Rainbow Arts	Down at the Trolls	1988
3/Q		Superior Software	Bone Cruncher	1987
AJf	Michel Jean Baillot	Silmarils	Targhan	1989
7AY	Mika Aho	Fanatic	Hate 2	1995
2Wl
=MF
KRD
2O2	Mikael Fyrek	C-Lous	Assembly '95 40k intro	
R;G	Mike Anderton	Ocean	International Open Golf Championship	1993
.9g
9^U	Mike Archer		808 State Remixes	1990
AMV
0-h
CXk
2=Y			Club-Mix	
84
6BM
6VK
0XR
0Zj
<0Y
bZ
H2>			Sonix House	1988
6OP
AOi
/=O			Sonix House II	
K@j
7@E
0-F
72O
1Y?
JSk			Sonix House III	1989
:_E
0KJ
4L;
>We	Mike Brown	Pandora	Galdregons Domain	
YCY	Mike Chilton	Firebird	P47 Thunderbolt	
7_	Mike Clarke	Charley Brewster	Indigo	1993
21J
DK2
@_X
AGb		Codemasters	Little Puff in Dragonland	1989
=^		Psygnosis	Bill's Tomato Game	1992
C6
Bi
<7
C6
`>
XO
43/
/M;
GL
.>@
I`
0W0
.lU
@k
<<
1=A
.M3
11f
71R
40L
.73
./J
0;`
5Ag
/NR
]:
/.J			Globdule	1993
BA
/E]
.Ai
/6I
I4
/L/
Kf
.:X
.h2
Yc
..>
0ll
/a3
.\8
.W
1K<
cT
/GO
.>f
T.
0P1
?N
/5W
0:b
OM
.]X
IY
/9c
.Ac
e<
i?
.8h
FO
.9:
/U4
lk
..H
E/
/5f
.YR
.:5
9S3			Last Action Hero	
/kW
8S<
//a
:h]
8eP
42M
C_N			Theatre of Death	1992
2.6
1R9
f1
=.
;4Z
2K`
@5a		System 3	Last Ninja 2	1990
.OZ
2M2
1c@
5M^
7=^
.9Z
G[D	Mike Davies	Grandslam	Die Hard 2	1992
_fe		U.S. Gold	Alien Storm	1991
A=C			Dynasty Wars	1990
g;U			Indiana Jones and the Last Crusade	1989
C16			Italy 1990: Winners Edition	1990
UQ7			Mercs	1991
1eD			Strider	1989
ZUM
AO=			Strider II	1990
WYA			U.N. Squadron	
290			World Class Soccer	1991
Pl?	Miko Nyman	Stellar	Galerie Remix	1996
3e\	Neil Biggin	Gremlin Interactive	Premier Manager 3 (AGA)	1994
f?I
6/I	Nick Jones	Image Works	First Samurai	1991
g]9	Nick Reeve	Pandora	Xenomorph	1990
=;.	Nick Vincent	Mastertronic	Motorbike Madness	1988
PQ<			Vectorball	
HSj	Nick Wilson	Electronic Arts	Imperium	1990
/:`	Nicklas Schmidt	Impact DK	In a World of ASCII	1994
GY:
<=N	Nicola Tomljanovich	Neo	Black Viper	1996
29;
.[9
0ZR
7/f
11K
2@f
.9?
/gM
0E_
.3W
L@
0ae
/i7
BP\		Team17	F17 Challenge	1993
@cG
7YC
0S;
6<K
bA	Nigel Spencer	Data East	Bo Jackson Baseball	1992
7aZ
<LX
2-0
YA
7XS
.-P	Nikola Tomic	clickBOOM	Capital Punishment	1996
ST
;OZ
Qi
>LA
/\8
El
355
/6e
.:k
/Nf
4F9
/QM
j/
7eS	Nils Ruzicka	21st Century Entertainment	Marvin's Marvellous Adventure (CD³²)	1994
/c/
<LF
.X@
1Pl
19J
0iE
5GB
.7U
43;
@7
/<h
hS	Norbert Roecher	Red Sector Inc.	Mindblasting Vectorballs	1989
SSR			Red Sector Megademo	
=MP
h:		Sanity	Oh Crinkey What A Shit	1990
CXP			Turmoil	1991
0bE
0A2
/^5
BWK
dGj			World of Commodore	1992
lC\	Oddgeir Hvidsten	Cryptoburners	Brain-State-In-A-Box	1994
H:P	Oisten Eide	Electronic Arts	Castles	1991
haS		Ocean	Epic	1992
;L=			RoboCop 3	
7:g
ALi
0J.
8FF	Oliver Becker	ReadySoft	Cosmic Bouncer	1988
=3J
GiH
0VS
:V_			Rock Challenge	
iFM	Oliver Regis	Ubi Soft	Ilyad	1989
D^c	Oliver Wagner	Public Domain	Bally II	
.g4	Oliver Weirich	Prestige	Catch'em	1992
.@2
^:
.UD
OS
>>1
7XH
08M
7CP
.D7
/YC
2<P
ZV	Olivier Robin	Ubi Soft	B.A.T. II	1990
F0a
F.l	Olli Kuopila	Sonik Clique	Blur	1995
/NS
66B	Olof Gustafsson	21st Century Entertainment	Pinball Dreams	1992
^T
.45
47C
5h7
J;[
=^5			Pinball Fantasies	
4\\
1e/
.2Q
.OQ
@@1
2Ta
1\U
i2a			Pinball Fantasies (CD³²)	1993
06L			Pinball Illusions	1994
1ZB
05a
1]3
3/j
F.S
<9`
03h
Nb:			Pinball Illusions (CD³²)	1995
11/
3.f
/.B
3F^
5h>
.CV
9^5		Psygnosis	Benefactor	1994
0i]
1>e
4M^
0fR
1dY
4RY
]U
CI
FY
2Q_
38U
I@	Orall Cornelius	Arc Software	Pyramax	1990
Bl4
?\f
.Z>
9UJ	Ozzie Henderson	Atlantis	CaveMania	1992
.-j:			Erik	
0gi	Paolo Galimberti	Idea	Clik Clak	
.gD
1Rk
6hG
1U
Q<k
2/2
03N
0\e	Pascal Evrard	Titus	Super Cauldron	1993
78l
<Uf
EBQ
a5
.Xg
Gh?	Patrick Phelan	Gremlin Graphics	Hero Quest II	1994
0BD
@H1
1`f
1OB
]k
/<K			Lotus III	1992
..?
1=B
1[O
07N
077
/_h
.Kb
2]K
/.C
1-k
.f3
.1@
/DO
2;a
.6\
.dl
0_L
>e
.=C
.EJ
2;6
/i1
3PN			Nigel Mansell's World Championship	
0.U
NXA
/ka
9fk
15Y			Zool	
HTd
2Fc
61=
._0
0iD
e:
1PN
1HB
jVc			Zool (CD³²)	1993
=97			Zool 2	
._]
Ac[
3<`
2Z3
.J.
44_
U6	Patrick Pose	Wild Copper	Wild Copper demo	1988
I^9
2/P
8ad
=W:	Paul Gaze	Public Domain	Racing Maniacs	1993
G>=	Paul Loraine	Alternative Software	Popeye 2	1992
==
.--
830
AJG
3AE		HiTec Software	Scooby-Doo and Scrappy-Doo	1991
;d-	Paul McMaster	Software Projects	Jet Set Willy II	
UF2
=l/			Manic Miner	
SJ>
7dZ	Paul Robotham	Empire Interactive	Dawn Patrol	1995
>V5
53c
/HJ
>WQ
6Ud		Empire Software	MegaTraveller 2	1992
:IV
Qe6
?;R		MicroProse	Starlord	1993
Hc4
.`D		Mirage	Ashes of Empire	1990
1D@
3hO
4a.
O^
:RF
/I6
HN>
XW]		Paragon Software	Space 1889	
E@7	Paul Shields	Microdeal	Airball	1989
80[
.3B
70/
0UY			Amiga Soccer	1988
AD;
6?9
h@a			Goldrunner II	
J`a			Jug	1989
/L_
1Vh
:L_
C^R			Tetra Quest	1988
?B:		Psygnosis	Amnios	1991
U57
?9X	Paul Summers	Activision	Fighting Soccer	1989
\O>		Alternative Software	Postman Pat	
0ik		Amfas Computer Software Ltd	Everton F.C. Intelligensia	1990
Ff`
Y:C		Microstyle	Rainbow Warrior	1989
D@E		Psyclapse	Stryx	
UM^		Psygnosis	Air Support	1992
YX@			Barbarian II	1991
6f3
^T			Matrix Marauders	1990
1aa
9NA
4^/	Paul Tankard	Alternative Software	Dalek Attack	1992
1^e
Cia
.A9
32b
2J@
7N>
2Id
=A5			Suburban Commando	1993
12g
/U5
7_O
:IA
0T9
T5P			Thomas the Tank Engine	1992
hGf			Thomas the Tank Engine II	1993
@M^		DoMark	F1	1995
0Ib
>Y:
=.[		F1 Licenceware	Operation Firestorm	1993
@Dc		HiTec Software	Alien World	1992
5CK		Ocean	Dennis	1993
.1M
0@D
:B
4V/
J5g
8c
9j
7G^
.PW			Jungle Strike	1994
94a
9CA	Paul van der Valk	Discovery Software	Hybris	1988
;18
/1]
00Z
/E`
@@	Per Almered	Unique Development Sweden	Obsession	1995
1;3
MJX
/_g
3B/
@-h	Peter Gordon	Darkage	Welcome To Our World	2000
W7W
b@8	Peter Johnson	Imagine	Arkanoid	1988
Ail		Ocean	Daley Thompson's Olympic Challenge	
j=;			RoboCop	1989
k1>			Wizball	1987
9b<	Peter Nemecsek	Amiga Fun	The Hellrun Machine
CV<
T8P	Peter Thierolf	Demonware	Ooops Up	1990
JXL			The Power	1991
286		Ego Software	Fatal Heritage	1990
gV
F6
3C@
1E@
OQF
2M\
..4
/^
ie]	Phil Allsopp	Tynesoft	Mayday Squad Heroes	1989
;0]	Phil Bak	Millennium	Yolanda	1990
=f-
27e
9cL
4@L
KP	Phil Clarke	Quex Developments Ltd	Huckleberry Hound in Hollywood Capers	1993
.Yf
PG9
0M8
7;=
:T;	Phil Smith	Share And Enjoy	Amazing Tunes II	1990
5dH	Philip Jespersen	Digital Integration	Supaplex	1991
jB	Philippe Veriere	Titus	Quik The Thunder Rabbit	1994
7=8
40:
/7l
LQ
.]5
3VC
Q2
/^<
KV
93;
/XM
.J3
/AP
:f
/e[
/VJ
/k9
Ra
0Y_
.87	Phillip Nixon	Accolade	Elvira II	1991
19]
4Gk
0VG
1]f
2?9
.YR
609
?dO
;Dg		Flair	Winter Super Sports 92	1992
J8j
F8l		Flair Software	Double Agent
1i;
2jM			Elvira the Arcade Game	1991
.eb
j-
5]:
YR:
VVA			Turn n' Burn	1990
TbF		Microvalue	Demon Blue	1992
<^c
K7\			International Ninja Rabbits	1991
.RJ			Oscar	1993
@__
BLR
08J
0L-
7/2
8R
Rcf			Oscar (CD³²)	
/bT			Trolls	
1@
MF
1]0
<Xh
F5F
958
/2/
5F?		Millennium	Morph	
d?T
/CT	Pierre-Eric Loriaux	Ocean	Cabal	1989
ANH
9[_
/d:
0bc
15k
@Q
JJ
l7
0AT
;QQ			Ivanhoe	
3;T
6/Q
=4N
cb
8dB
12]
8:
18<			Liquid Kids	1991
?II
0\T
aI
/N
.:d
I\
/DF
>b
2hR
/6H
.VP
0P_
3JC
2K/
634			Pang	1990
.[3
.YM
gc
AT
BF
jB
30Q
6il
>5
]^
6Rg
0]k
/e:
38Z
2U6
...
57
6af			Plotting	
0BR
5A3
>/j
9BF
/aT
4Pb
..G			Toki	
3M7
>E<
B^
0dU
3i<
0GX
3C
7.e
1:=
/9i
96S	Piotr Bendyk	Mad Elks	Technological Death	1993
EC:
0[d
l5		Seven Stars	Kajko i Kokosz	1994
?A	Pipe Smokers Cough	Ocean	Kid Chaos	
KH
0Q8
/LB
KX
[.
3<
>H
FD
0Z;
3@d
6H
.S<
46g
0Nf
.K1
e0
03?
.>:
.-?
MO
/eR
/9Z
/Z4
4`R
/AE
.S8
fh
/h<
.?8
:81	Preben Soot	Talent	Panta-Rhei	1993
2[	Private Affair	Vulcan Software	Valhalla	1995
6L9
5^
7]K
>B
526
.07
0P<
2Z`
1lD
1kg
Ad1			Valhalla & the Fortress of Eve	1996
@`f
4VP
.24
3D2			Valhalla & the Lord of Infinity	1994
73
7d4
36^
1Y0
6bU
1Bj	Radio Poland	Radio Poland	Technotronic	1990
?CW
AJY
/Kb	Rainer Nilsen	Neo	Cedric	1995
3A<
7O5
4JC
S.
9e^
>e:
1LT
/?F
7<	Rainman	Royal Amiga Force	Royal Amiga Force Mega-Demo	1989
>ke
.gb
23^
]R
1UW
8`C
@:^
/-O
Dfe	Ralf Hoermann	reLINE	Skyblaster	
B;a	Ramon Braumuller	Rasputin	Clockwiser	1994
<>l		Team Hoi	Hoi AGA	1993
3@>
2N]
.bl
73d
?=i		Thalamus	Venom Wing	1990
BhO
/Ed
2a=	Raphael Gesqua	Europower Pack	Jimmy's Fantastic Journey	1993
.`R
2g3
.Ki
Xa\
/?b
CgW		Ocean	Snow Bros	1991
7id
D=H
M]C		Tom Soft	Virtual World	
.Qd
Xa		U.S. Gold	Flashback	1992
12
2BI
8G
1WV
3HS
0;b
17X
5F9
.c5
._@
.IT
.`N
3K[
:^
B
2CZ
0H[
C6
.^V
ZC
0>j	Ray Norrish	Alternative Software	Sooty & Sweep	1990
CP_		HiTec Software	The Jetsons	1992
OU[
3;W
Fce		Infogrames	Alcatraz	1991
A7g		Psygnosis	Anarchy	
.-OX			Baal	1988
fA2			Ballistix	1989
5Pf			Blood Money	
aT-
N`B			Captain Fizz Meets the Blaster-Trons	1988
@[			Spellbound	
D/g			The Killing Game Show	1990
.UF
?LG
]6	Raymond Usher		All New World Of Lemmings	1994
.AK
7UM
31S
2DT
.\.
3:d
/A7
5F1			Walker	1992
7I4
VQZ
^0.	Reece Millidge	Audiogenic	Odyssey	1995
Kif	Reinier van Vliet	Grandslam	Bump 'n' Burn	1994
@@0
2`M
/eN		Thalamus	Borobodur	1991
>7H
0<S
31f
/aK
/Ai
4l:
3UE
.D]			Winter Camp	
OC
0Rf
;@5
08Q
9U/
1I_
9K7
>AF	Rene Bidstrup	Budbrain	Megademo 2	1990
23@
3<7
<ka
;bE
2<l
S5l	Rene Vindum	The Silents	Xpose	1992
.F^	Reyn Ouwehand	System 3	Last Ninja 3	1991
6X
664
;hl
0-3
16S
?TL
0^M
.^
DPC		Ubi Soft	Unreal	1990
07.	Richard Ede	Psygnosis	Brian The Lion	1994
2>
.0C
.0M
Mk
0SG
10<
2P
YX
.bg
.RX
7]
Bl
4?
CL
fh
3j
7F
5/
0EO
@i
/?c
/E_
/jj
=6
1OA
.N/
0Ik
Vg
0R
/J<
./0
Nj
.0:
A0
gg
EF
.]_
/d^
2D
.=<
/8Q
4\
M5
86
Z5
.5:
09`
8T
R>
_b
.77
/Sl			Innocent Until Caught	1993
HM
06k
.\U
;AG
0[/
UP
/]6
0W`
<Zf
/NV
Wl
FN
B[
0>4
/<.
3eF
0K_			Wiz 'n' Liz	
/Q/
3=b
/fj
.M^
0Ll
06A
0\e
]5
17M
4Kh
.F>
_S
0=.
_f
/8h
/aC
IN
5HT
?=
FD
08
/-U
Re[	Richard Frick	Absolute!	Cream	1994
6e/		Delon Dezign	The Final Condom	
_4R
j=d	Richard Jones	Jim Wills, Simon Foster & Richard Jones	Toado	1993
<K\	Richard Joseph	Electric Dreams Software	Wicked	1989
RO5		Image Works	Cadaver	1990
FR>			Mega-Lo-Mania	1991
20E
W[U			Speedball 2	1990
.P-		Millennium	Aquatic Games	1992
.AF			Brutal Football	1993
Cj>
1J9
..:			Cyber Empires	1992
LBC			Global Effect	
Of=			James Pond	1990
.V3			James Pond 2	1991
?F\
1A8
3UL
0g
=S
1C9
.9<
0=h
PF
;R2
03W
1a/
6cI			James Pond³	1994
ca3
.kP			Moonshine Racers	1991
2\:
40
1YD
SbR
A8@			Mr Blobby	1994
38g
4U<			Rome AD 92	1992
0Fa
.TU
5<Z
1.O
03:
=S5
5J;
00?
2@>
.D
aiK			Stormball	1991
6NW
.O`			The Adventures of Robin Hood	
YG?
bT2		Millennium Interactive	Diggers	1993
PCM			Diggers (CD³²)	
A23		Mindscape	Knightmare	1991
7SZ
9?W
2PA
:_8
.i?
_Z
=37			Moonstone	
5BV		Ocean	Wizkid	1992
17I
.2K
7;Q
5Gd
.`k
BR
89j
3SO
4AV
0aj		Palace Software	Demoniak	1991
_>[		Renegade	Gods	
2\]			Magic Pockets	
kQT			Sensible Soccer	1992
16A			Sensible World of Soccer	1994
1DA
2DQ
<CO			Sensible World of Soccer 95/96	1995
TR			The Chaos Engine	1993
@dg
/TE
JL
3a[
1M
0iZ
>Z4
5H@
lQL		System 3	Putty	1992
/9S		Time Warner Interactive	Flight of the Amazon Queen	1995
<8;
2d<
29L
3O`
.6X
/8/
//E
2dB
.>J
.I/
0VF
/H4
1@=
8W4			Rise of the Robots	1994
K`a
3J9
6Bj			The Chaos Engine 2	1996
2@1
6-D
.GL
4Uh
<C
14;
.5U
2T6
.;-
/F9
:@C
2M
=B6		Virgin	Cannon Fodder	1993
1e`
;_a
6bG
2di
.[^
2kd
:Q`		Virgin Interactive	Cannon Fodder 2	1994
g0
.W2
@X;
6e6
6dL
6UT
>\<			Sensible Golf	1995
=[A
;@L
7RG	Richard van de Veen	Public Domain	Combine!	1989
G3F
58\
6ZW		Starbyte	Mini Golf Plus	1988
2BN	Rick Hoekman	Gremlin Graphics	Disposable Hero	1993
83V
N-
96D
6/5
COY
.L8	Risto Vuori	Bloodhouse	Stardust	
2:W
:D
.2j
/@9
.JA
/[0
4Sh
4S6
3gb
RO
?E
1FD
4YN
.i
.Mf
.HM
.Bl
dj
/S
.UH		Team17	Super Stardust	1994
/:]
2B
/FY
WK
NF
3O5
25Q
1U^
5\
Y7
2fH
/?6
/A`
2e
.;Q
`=
8iH
S-
/D<
/:a
4c
0^[
10U
/I.
1Q^			Super Stardust (CD³²)	
2j:
.^W
4-e
0P8
.A5
030
.10
3^c
/Y>
1UG
4[
;?2
/9`
KiX	Rob Balderstone	Ocean	PGA European Tour	
9HZ
=j;
/>7			Shaq-Fu	
<PG
9kJ
6IG
2a9
.Gg
A<a	Rob Hubbard	Electronic Arts	Budokan	1989
;-O
VSd			Indianapolis 500	1990
1UO			PGA Tour Golf	1991
22Y
\cN			Populous	1989
2a/
[::			The Bard's Tale III	
YN5		Elite	Battleships	1987
fGC		Microdeal	Gold Runner	
.?j			Jupiter Probe	
<Of		Mindscape	Q-Ball	1988
2g	Rob Wells	Public Domain	StarWoids Demo	1994
8/i
3<U
:B>
..:c	Robert Mann	Elite	Joe & Mac	1993
4M<	Robin Burrows	Robin Burrows & Steve Huckle	Fatal Mission	1991
<_B
@P_
=R6
aL<	Roderic Mege	Ubi Soft	Celtic Legends	
6^a	Romain Voes	Public Domain	Galaga'92	1992
R:C
S[c	Roman Werner	Hewson	Eliminator	1988
Vda		Starbyte	Clown-O-Mania	1989
ISA			Leonardo	
LF8
A-G		Virgin Games	Rolling Ronny	1991
:ZE
EY4
46P	Ron Klaren	Innerprise	Battle Squadron	1989
U]
46
0^F
0Bj
O0
4QA
7Lh
2c\
l2
.>V
.Pg
1ef
6<X
/E_
1DK
jD			Cyberblast	1990
3kM
OS
K8
/bl
`>5
.JF			The Plague	
2GQ
4.j
..J
3=O
5hg
;eD
3=k
84b
.La		Tynesoft	Beverly Hills Cop	1991
Te[	Ronald Pieket Weeserik	Public Domain	Qbic	1992
9JC		The Sales Curve	Rodland	1991
7Lb		Virgin Mastertronic	The Ninja Warriors	1989
E7B
:R^	Ronald Saake	Starbyte Software	Tie Break	
7kG
^^Q	Ronny Nordeide	Andromeda	Mind Riot	1993
4Ch	Room237	Dark Unicorn	Desert Apache	1995
8jk	Rooster	Diffusion	Kintro	
?8?
8V<	Ross Goodley	Image Works	Bombuzal	1988
63Q	Ruben Monteiro	Public Domain	Conquest Remix	1997
0\L
D=3
Fl\
2QL	Rudolf Stember	Ascon	The Patrician	1992
.2N
7Jj
=10
4[i
:;T
36P
27i		Ascon Software	On the Ball	1994
.b9
BJV
9JR
IkQ		Attic	The Oath	1991
8-0
31]
]8
_:
[d
:T.
.^1
6H		Double Density	Orbit	1987
29-
Hh9
.K?		Kaiko	Software Manager	1993
6g4
NRj
:41
0Ld
Me5		New Bits On The RAM	Metal Law	1992
<UD
/<O
65K		Ocean	Mr. Nutz	1994
/Bj
.GA
.:Y
J1G
0Xk
.Yg
43/
/6Z
0jR
/>7
1UC		Play Byte	Ugh!	1992
<C2		Rainbow Arts	Logical	1991
?EB
7We
2fK
.H;
.CC
.8.			Mad TV	
.Ga
.9\
S3
/U]
/6A
0ZI
?Q3
DgE
4fd
_R>			The Curse of Ra	1990
;5:			Z-Out	
177
>8_
309
1gk
/=h
A@U		U.S. Gold	Blade of Destiny	1993
<V<
>dD
.3X
1?Y
65g		Ubi Soft	B.C. Kid	1992
;`3
30]
1T1
.NA
00X
2R2
:8P
GB	Ruedi Hugentobler	Starbyte Software	Traps 'n' Treasures	1993
b8
2>j
.Bj
6eS
/Sa
.8O
3Y
:8[
`M
3C3
.^N
?cY	Rune Svendsen	Spaceballs	9 Fingers	
=9P			State of the Art	1992
Bf?
3Dc	Russ Bedord	Cosmi	Super Huey	1987
@82	Russ Turner	Electronic Arts	Keef the Thief	1989
8_3	Russell Shaw		Syndicate	1993
dfj	SCS	Red Sector Inc.	Red Sector Megademo	1989
:RF	Sami Arola	Virtual Dreams	Faktory	1995
dh<			Full Moon	1993
.cl	Sami Jarvinen	Juliet+Case	C42	1995
Q5M
N<3		Stellar	Miracles	
:1/
@G4		Virtual Dreams	Illusion	1993
F5@	Sami Liuski	Amacon	Mission Impossible	1995
@-R	Satyricon	Extend	Sections	
7R\
Mk@	Saul Cross	Atlantis	Killing Machine	1992
Ee
64R
0Z]	Scott Williams	Millennium	Pinkie	1994
03/
.BJ
/kl
.2Q
.X4
eB
.80
/AW
0_;
58<
W^
1La
.QX
.I1
/^0
YD
0]Q
.Y1
//?
47?
0<6
<H
0U<
CIh	Sean Connolly	Creative Edge	Surf Ninjas	
0^-	Sean Conran	Alternative Software	Count Duckula	1990
8Pa
EBe
`l.		Enigma Variations	Defenders of the Earth	
G7P		Gremlin Graphics	Videokid	1992
>2[
WY@		HiTec Software	Hong Kong Phooey	1990
K@f			Ruff and Reddy	
RFd			Top Cat	1991
h`1			Wacky Races	
VP`			Yogi Bear & Friends	1990
jZW		Ocean	WWF Wrestlemania	1991
/jc		Psygnosis	Infestation	1990
GQ=		U.S. Gold	Mega Twins	1991
5RJ	Sebastiaan Lentfert	Dragons	Dragons Megademo I	1990
M:0
=[B	Sebastian Delisle	Share And Enjoy	Amazing Tunes II	
RU7
akW	Serkul	Cydonia	Phobos	1994
:MF	Shaun Southern	Gremlin Graphics	Lotus Esprit Turbo Challenge	1990
2JS
.:E
.bO
71Q
.-0`			Lotus Turbo Challenge 2	1991
4BG	Silvio Tognazzi	Magic Bytes	Penthouse Hot Numbers Deluxe	1993
8HP
K/\
6a=	Simon Berry	Novagen Software	Backlash	1987
8kY	Simon Bostock	Gametek	Paws of Fury	1995
<Nd
;C
2NH
.OU
AWX	Simon Ravn	Epic Marketing	Foundation	1999
^l
9QG
<H6
.Ja
0XC
.0R
9_?	Simon Speight	Guildhall Leisure	XTreme Racing	1995
4-D
3D`
@d4
/-B
:lN
?3
V8O	Sonic Boom Boy	Panic Production	GigerTetris	1993
Ol=	Sonicom Music	F1 Licenceware	Giddy II: Hero in an egg shell	1994
9hH
<^	Sorcery Media	Adventure Soft	Simon the Sorcerer	
D8
/GM
CQ
.`d
/5;
lA
/J=
/kO
/:R
Q
0YS
.ZO
@P
.iZ
.2i
0>7
.EZ
/;7
./O
6K<
.0W
.KP
.LK
_5
1Nd
1J`
/4b
.3;
.:/
R3
.-F
H^
.Xe
XXA	Stavros Fasoulas	The One	Galactic	1993
0D[
ORI	Ste Bleasdale	Mike Dodd	Super Skoda Challenge
2;3	Stefan Bernbo	D-Mob	Music-Disk 1	1989
4f5
@@8
87S			Music-Disk 4	1991
.9?
3PB
6M]
0VR
:9Z
//6
.C8
C^k	Stefan Jeworowski	Rainbow Arts	Spherical	1989
;^^		Virgin	Sarakon	1991
3c1	Stefan Poiss	Max Design	Oldtimer	1994
A]V	Stefan Schulz	ZenTek	NEMAC IV	1996
B?8	Sten Larsen	Kefrens	Egregious	1991
BF?			Guardian Dragon	
OXS
UJd			Guardian Dragon II	1992
0e0
0h-			Multi Megamix	1991
;7M
48P
Xf
J]B
gGD			Multi Megamix II	1992
2=<
[
kH
Ml
74j		Public Domain	Bedroom Olympiad	1988
0TD	Stephan Wenzler	Kingsoft	Gravity-Force	1989
1SU
_W`	Stephane Picq	ERE Informatique	Kult	
;@F		Exxos	Purple Saturn Day	
D1S		Infogrames	Bubble +	1990
E1			Crash Garrett	1988
lM4			Full Metal Planete	1990
7D			Jumping Jack'Son	
9FO
CjH
2`l
3ZX
=D<
5^P			Mystical	
KWL			Wanted	1988
]-9		Virgin	Extase	1990
.e8		Virgin Interactive	Dune	1991
@O
.aA
73_	Stephen Smith	Vulcan Software	Uropa²	1997
WC<
5e2
WgT	Steve Barrett	Arc Software	Chronicles of Omega	1990
>NT		Codemasters	Advanced Ski Simulator	
.8X
SW5		Free Spirit Software	Dragon Scape	1989
.aE		Mastertronic	Kelly X	
^dD		Prism Leisure	Artificial Dreams	1988
T:I	Steve Collet	21st Century Entertainment	Rubicon	1992
=B2		Empire	Campaign	1993
H5l
A3T		Thalion	Trex Warrior	1991
<EX
/2:
QWI	Steve Hasler	Mediagenic	Ninja Spirit	1990
.@K
_;7		Share And Enjoy	Amazing Tunes II	
?OC		The Edge	The Punisher	
.dX
4>3	Steve Hogg	Share And Enjoy	Amazing Music Disk 1	1988
.P3
2Y
/ia
9:J
:
=3
1ik
AZV
:gA
K\	Steve Morgan	Boms Computer Games	Club & Country	1995
Y>W	Steve Turner	Ocean	Rainbow Islands	1990
3XE
[\?	Steve Wetherill	Electronic Arts	Projectyle	
9lK	Steven Green	Paragon	The Amazing Spider-Man	
La[	Steven van den Heuvel	Public Domain	Dirty Moves	
?MZ	Stryper	Yodel	Oberon	1995
.-XX	Stuart Taylor	Zeppelin	F1 Tornado	1992
e>3		Zeppelin Games	Jocky Wilson's Darts Challenge	1990
=Pb	Stud	Ward	Once Upon A Time	1996
BBA	Svein Johansen	Scoopex	Scoopex Plays 2 Unlimited	1993
BJk
.-I
Al8
AYH	Sven Appel	Amiga Fun	Octagon
4g.
Ce5
CSj		Software 2000	Holiday Maker	1990
0]d	Sven Bauer	Eclipse	Stone Age	1992
/_;
2jF
;>A
J`_
IT
3L9
7N
/M3	Sven Gerlach	Infernal Byte Systems	Gainforce	1991
2@>
I.>
3^c
1A1
/;?
1C4
QAW	Sven-Erik Ceedigh	Limited Edition	Mindabuse	1996
1.`	Tamas Kreiner	Grandslam	Reunion	1994
0ER
8B2
::N
4I
:.G
/h-
9a\
.d
hJ.	Technique	Decay	The Simpsons Demo	1991
7`O	Temen	Embassy	NetHed	1995
TLA
1-:			Thrilled	
iTQ
41e	Ten Pin Alley	MicroProse	Covert Action	1992
Y2
NYP
>]1			Silent Service II	1990
5^h	The Avatar	Sanity	Dee Groove	
i<	The Jester	On-Line	Town With No Name (CDTV)	1992
@Y=
54;
e?
0AU
>g
/l-
1PS
.Pj
1\<
.JP
311
0\2
.-`
1<M
DC:	The Sound Mechanix	Limal	Kiro's Quest	
5/@
3S^
3F:
8DQ
AW0	The Source	Activision	Predator	1987
CU3		Electric Dreams Software	Super Hang-On	1988
8/c
g\?	Thomas Bendt	The Silents	Fruit Kitchen	1995
;T8	Thomas Hermann	Magic Bytes	Beam	1989
?cQ
2[D			Blue Angel 69	
13d
..4L			Nightdawn	
VM\	Thomas Jaenicke	S.C.A.L.A.	Not Again	1994
5@B	Thomas Lopatic	Creative Vision	Detonator	1987
/72
/>R		Discovery Software International	Zoom!	1988
h2Y
6Ve		Euroline Software	Ganymed	
@a8		Gametek	Der Preis ist Heiss	1991
8WL			Riskant !	
Tg8		Golden Gate Software	Ringside	1988
9gD		Kingsoft	Phalanx II: The Return	1987
Z-3		PCSL Software GmbH	Wetten, Dass..?	1991
URg		Rainbow Arts	Denaris	1988
1E[			In 80 Days Around the World	1987
5]			Katakis	1988
WP>
MV		Time Warp Productions	Street Gang	1987
;VX			The Great Giana Sisters	1988
3aM
:5<
J7<
<kj		reLINE	Final Mission	
PV8	Thomas Pimmel	Public Domain	OCB	1996
0[W
/fP
>UR
/1K
6EB	Thomas Porschen	Magic Soft	Krymini	1990
h\
^@G
JZX	Thomas Volker	Mindware International	Aunt Arctic Adventure	1988
/XK
0Q-
73?
.NT
3Pd
0I[
3UQ
TX	Thomas Zighem	Mindscape	Genesia	1993
57B
T:
48]
/YQ
0G>
;6F
4F]
/5
0HR
.k;
A[
.AX
/bT
0Uj
=3d	Tim Bartlett	Grandslam	Beast Lord	
0kX
Udj
;N9		International Computer Entertainment	Abandoned Places 2	
2-X
XN6
30/			Akira	1994
2jl
.8i
6O3
YI
KJ
1;N
6Q0
/2S
D8
/He
/@@		Millennium	Kid Gloves II	1992
731
Aj
?AJ
8_S
.\=
99=
0QA
5?e		Psygnosis	Ork	1991
29I
AjX		Thalamus	Creatures	1992
.jg
/@8
>G^
4N7
L.
/8B
8[@		Zeppelin	Carnage	
\N\	Tim Follin	Go!	Bionic Commando	1987
C6a			L.E.D. Storm	1988
<HB		Ocean	Puzznic	1990
JSR			Sly Spy	1989
2D6
4I[
0bd
52@
D0b		Taito	Qix	
.L4		U.S. Gold	Gauntlet III	1991
A9<
5V7
QL
8i`
8B[
5IM			Ghouls 'n' Ghosts	1989
0Q>
;_J
2f\
1Y
5TE
ClG
..\	Tim Haywood	Ocean	Burning Rubber	1993
/H?
3[h
.Ka
2]R
.4i
33X
/Ih
0X<
e7
2AL
.;c
.gE
0A-
0fV
OH
.^4
0DI
.83
ER
.?i
H2
.7
08Q
1C=
Y;
1S		U.S. Gold	Winter Olympics	1994
4=k
CE9
1JN
.X.
5B.
4Ca
3U@
0dP
VD<	Tim Mueller	The Electronic Knights	Vomit Visions	1991
.iQ	Tim Theunissen	Absolute!	Clairvoyance	1993
/`	Tim Wright	Dionysus	Puggs in Space	1989
>0[
N?8
/]4
8PP
JaZ		Electronic Arts	Powermonger	1990
8e^
0aQ		Psygnosis	Agony	1992
B5[
1aP
.8K
5T
/EU
=U
KV
04U
.<1
206
.G
67O
^2
1Ji
/;2
:H			Aquaventura	
5:0
0SS
>-R
8<R
6LJ
0k/
5@@
Vf
4O7			Awesome	1990
:dj
iJ
/?C
:4@
.M
/>M
8LO
1OA
5fL
F8B			Carthage	
/S0
J_Z
2:Z
dJ
1Fl			Leander	1991
4g0
.:
2/.
8X@
5i3
4A-
:<
/7c
^Y
/KK
.Fd
/1[
.2\
/3d
1ZK
N[
/0f			Lemmings	1990
GF
.A.
.53
.GM
.Si
;g
6/f
04:
SJ
.i@
.i4
R6
.JW
DE
1G
ZQ
?1
4c?
0I2
.i\
.e>
5bZ
5=B
.FF			Puggsy	1993
45Q
Z2
35
1Ce
\a
/W`
^[
.^1
0Ff
7D
PI
:
/[?
.h<
G:
2=1
/3.
1Ai
.2[
/10
/B-
/U;
..f
I?
/_J
.a4
\c
/5a
aa
.\i
a^
04-
4d
.0B			Shadow of the Beast II	1990
0VM
3kl
.=-
74H
/L\
/</
M;
3X
2W=
RR
2^L
.[^
/9j
..O
0V]
1_a
.:G
6L_
/92			Shadow of the Beast III	1992
0ZT
0VE
.Ri
.?J
1F0
dC
/2?
0Fc
.>C
fC
M5
6GY
0N3
0eX
/>j
.a=
<L
..P
A.
._X
/5
.[1
2lP
.D4
=WM	Timm Engels	Doctor Mabuse Orgasm Crackings	Demons Are Forever	1988
NVR		Mastertronic	Double Dragon II	1989
H=6		Visionary Design Technologies	Datastorm	1988
.-8	Tiziano Cappiello	Power Computing	Breathless	1995
2YY
8VR
;9V
0^I
2S8
C?G
<FJ	Tobias Hirsch	Nordlicht EDV Service	Mega-Typhoon	1996
P:<
56\	Tom Rettig	Brøderbund	Where in Europe is Carmen Sandiego?	1989
.Wf
[?
/GL
`X
1gO
1@l
06P
80;
/Q2
3OY
/PK
0MG
1MW
Xj
1;h
.dQ
>E			Where in the U.S.A. is Carmen Sandiego?	
03j
_Q
E_
0^9
/<W
1Z`
0Zc
4G^
0VE
/OC
1E1
2Qh
.gf
5]Y
1d8
0JS
ZS
.4M
8h4	Tomas Dahlgren	Hewson	Zarathrusta	1991
635		Mastertronic	Double Dragon II	1989
QXk
KKg		Neutron Dance	185 Bobs
:>R		Scoopex	Mental Hangover	1990
>8X		Share And Enjoy	Amazing Tunes II	
HBc
0_
4?B		The Whiz Kidz	Ziriax	
E]
.:<
GA
/Ra
/1C
>jb
1YV
1gV
3Hh
/5>
bS5	Tomas Danko	International Computer Entertainment	Deep Core	1993
.J;	Tomasz Pisco	L.K. Avalon	Zombie	1994
/==
=Xg
KE
MSE
2lC
.P`	Tomasz Wiktor	Marksoft	Tyran	1996
03j
0dc
1\Y
/E3
1;e
285
D3
15`
/@`
/FJ
EQ>
[L
[?d	Tony Francis	System 3	Dominator	1989
.JX	Tony Selinger	Firebird	Golden Path	1986
MQb	Tony Williams	21st Century Entertainment	MoonFall	1991
59Y
:Z;		Hewson	Future Basketball	1990
6YW
0lI
/30		Image Works	Teenage Mutant Hero Turtles	
8C7		Ocean	Narc	
E^@
M@d			Smash T.V.	1991
E4a		Pick & Choose	Chuckie Egg	1988
1H4			Chuckie Egg II	1989
;l.		Psygnosis	Never Mind	
[f:
6.i			Nitro	1990
K_1		The Sales Curve	Shinobi	1989
68>		U.S. Gold	Super Monaco G.P.	1991
;TA
6;D		Virgin Games	Viz	
KZ?
64A
2?O
.Gd
0[?
1.H
RcO		Virgin/Mastertronic	Judge Dredd	1990
7e\		Zeppelin Games	Blinky's Scary School	
O45			International Ice Hockey	1992
;K.
;cH
4GW			Sharkey's Moll	1991
U5W
]]2	Tor Gausen	Avesoft	Coloris	1989
Aad		Cryptoburners	Party Time	1991
LeL
WP9		Neutron Dance	The Dancing Bolls
?Ac		Svein Berge	TwinTris	1990
3]/
8Ol
DkY	Torsten Fassbender	Demonware	Fly Harder	1993
Ak^
@V-
E_`	Torsten Gellrich		Carcharodon	1990
044
HPg
<5O	Trax	Nihondreamers	Abunai Dangerous Demonstration	1993
:[
7VS	Trevor Stainsby	Trojan Software	Cyber Assault	1992
<09
U]6	Turboboo	Cirion	Hope	1995
UBa	Urban Shakedown	Urban Shakedown	Some Justice '94	1994
CMc	Vark	Vark	The Alien is Dead	1992
IM/
>WT	Victorien Ferry	Mankind	Aerial	1996
I/3	Ville Hellin	RRR	Cinderhatch	1995
Q>;	Vindicator	Sanity	Best Game Sound #1	1990
6-	Vlado Tomic	Titan Computer	Evil's Doom	1996
.KM
k>
;h
18a
1;K
0`A
DA
1UB
SV
0f[
gN
JC
.V@
/7^
P=
.^^
/WA
.h]
3CL
0OW
/5l
.`e
.QX
.^[
`3
.:L
>=
28<
...
.PA
`2	Volker Tripp	APC & TCP	1990	1993
/;J
;W
/WN
7^
Wl
N7
1<X
1LZ
4<
.<W
/UA
Lb
I=
/B4
20j
.G=
72
.We
e_
/[3
/dU
.\B
.Qf
]F
/XY
G.
FM
.8H
.Jf
.1E
/8/
3ZR
.<a
.9;
<@
57
0dY
g`8			Marblelous	1994
k\V		Rebels	Sanity is Dead	1992
`=\		Sanity	A BBS Intro	1991
HU1			Boggledop	1993
OH-
eW5			Chess Board	1990
PFi			Elysium	1991
372			Fool's Gold	
Q^
0C
9Z/
EM8
;bR
3Aj
lAa			Hospital Since Friday!	1993
/^J			Jesterday	1992
2Xa
68^
.1f
:]W
0LG
W?Y			Optimum Fuckup	
6OY			Roots 2.0	1995
N9k
2LS			Terminal Fuckup	1993
C02			Trash Pack no.21	
Cfl			World of Commodore	1992
K1E	Wally Beben	Activision	SDI	1988
5;@		Actual Screenshots	Futuresport	1989
27B		CDS	Colossus Chess X	
ScA
1AF
;45		CRL	Lancaster	
5`g		Electrocoin	Mr. Do! Run Run	1990
:@.		Electronic Zoo	The Ball Game	1991
aef		Exocet Software	Foundation's Waste	1988
_5c			Hyperdome	
>F1			Phantasm	
.Y]		Firebird	Elite	
<1I
D\9			Quartz	
W>f		Go!	Street Fighter	
I<		Micro Status	Dark Side	1989
..8S			Total Eclipse	
Hi		Public Domain	Airmania!	1991
5g^
Hj
ESN
2@R
2-k
4V]
.Sg
1D
2-8
/U`
2G<		Thalamus	Hawk Eye	1988
WDa
U[O		Tynesoft	Circus Games	
0NB			Superman	
U7			Winter Challenge	
/@<
>-B
211
96?
?7h
ES4			Winter Olympiad 88	1987
JZ
:A/
0C9
6ja
6ZD
VNX		U.S. Gold	Pool of Radiance	1990
MBT		Vivid Image	Hammerfist	
HAl
_Xl			Time Machine	
2LW
.@0
419
JQa	Will Davis	Electronic Zoo	Under Pressure	1991
<A5
MM	William Goldstein	Sierra On-Line	King's Quest IV	1990
EG
.XT
.Wc
`W
.9b
.6_
:<
`J
./_
^P
E[
I5
7^
HO
0-
Ud
.AF
/:h
Fc
.bM
3C
/@4
7@
B^
=/
Yj
fQ
;g
;E
^[
1g
LP
P
6]
/9N
PD
.7I
.5c
L6
=3
1<
R_
?R
0\
VO
3j
.k
<Q
..5
.A9
Ai
cY
Y8
L>
jA
<_
9I
.22
C[
V6
.9V
ZV
8R
CH
\k
:Y
@0
hB
.[g
/@f
3F
1]
c
.5>
`e
/^
7B
.Tj
.;?
:E
19
?A
Fi
SO
EH
.B@
i4
.Bg
;U
.Gl
.e.
L]
E@
6H
/Jl	William Hensel	Impulze	Graeme Souness Vector Soccer	1991
MMG		Zeppelin Games	Edd the Duck 2	1992
WNh			International Truck Racing	
:5i	William Turner	Seriously Good Music	Seriously Good Music Disk 1	1990
CC>
iV-	Winston Wood	Strategic Simulations, Inc.	Phantasie III	1987
2fc	Zadd	Dimension X	Retina Burn	1993
TL	Zoltan Vegh	Psygnosis	Perihelion	
VA
6kM
3^Z
/WZ
.NZ
.\F
0/3
/Kj
/i@
.K5
/G0
1Zd
/-C
1Si
.eg
0[Q
/FV
60S
